employee_id,gender,sex,group,first_name,last_name,age,email,country,favorite_color
1,Female,Female,Group A,Gerrilee,Brabin,23,gbrabin0@cbslocal.com,Uganda,green
2,Female,Polygender,Group A,Natalie,Trinder,74,ntrinder1@mozilla.com,China,red
3,Male,Male,Group C,Sal,Chezier,21,schezier2@goodreads.com,Brazil,green
4,Male,Bigender,Group C,Trudey,Broxup,49,tbroxup3@dagondesign.com,Germany,blue
5,Male,Male,Group A,Thedric,Haggerston,30,thaggerston4@hubpages.com,Brazil,red
6,Agender,Female,Group A,Jeniffer,Collman,49,jcollman5@flickr.com,Malaysia,red
7,Polygender,Female,Group A,Evania,Brumhead,68,ebrumhead6@creativecommons.org,Philippines,red
8,Female,Male,Group A,Thorvald,Petrina,43,tpetrina7@jiathis.com,Tanzania,red
9,Male,Genderfluid,Group B,Bathsheba,Ardley,84,bardley8@arizona.edu,China,green
10,Polygender,Bigender,Group B,Selle,Castellini,24,scastellini9@bloomberg.com,Philippines,blue
11,Female,Non-binary,Group B,Tucker,Elkington,28,telkingtona@elpais.com,China,red
12,Male,Male,Group B,Waverly,Heaven,38,wheavenb@domainmarket.com,Philippines,green
13,Male,Male,Group B,Hakeem,Stormont,61,hstormontc@bravesites.com,Peru,red
14,Male,Female,Group A,Christan,Dunbleton,34,cdunbletond@blogtalkradio.com,China,red
15,Female,Female,Group B,Shena,Counter,19,scountere@gnu.org,China,red
16,Female,Female,Group A,Aeriell,Room,29,aroomf@cam.ac.uk,Portugal,red
17,Male,Male,Group B,Welby,Woffenden,46,wwoffendeng@xing.com,Indonesia,blue
18,Female,Male,Group C,Zebedee,Keepe,51,zkeepeh@a8.net,China,red
19,Female,Female,Group B,Karin,Loins,67,kloinsi@cnn.com,Philippines,green
20,Female,Female,Group B,Karleen,Manklow,57,kmanklowj@cdbaby.com,South Korea,green
21,Female,Genderqueer,Group C,Wallache,Maynard,62,wmaynardk@mlb.com,Peru,green
22,Female,Male,Group C,Mayne,Walden,73,mwaldenl@springer.com,Greece,green
23,Female,Female,Group C,Corrinne,Werlock,80,cwerlockm@adobe.com,Indonesia,red
24,Male,Male,Group A,Cross,Castagne,37,ccastagnen@networkadvertising.org,France,blue
25,Male,Female,Group C,Kinna,MacAllaster,20,kmacallastero@eventbrite.com,Portugal,red
26,Male,Female,Group A,Arline,Sickling,39,asicklingp@apache.org,China,red
27,Female,Male,Group C,Mordy,Woolfitt,74,mwoolfittq@tinyurl.com,Sweden,green
28,Polygender,Male,Group A,Nappy,Kenafaque,54,nkenafaquer@hubpages.com,Palestinian Territory,red
29,Female,Male,Group C,Geoff,Spenley,76,gspenleys@tamu.edu,Philippines,green
30,Female,Female,Group B,Liuka,Secker,21,lseckert@bloomberg.com,Nigeria,green
31,Male,Female,Group B,Caro,Hinners,82,chinnersu@blogspot.com,Finland,red
32,Male,Female,Group A,Josepha,Coulson,60,jcoulsonv@engadget.com,France,red
33,Male,Polygender,Group B,Mattias,Vigneron,20,mvigneronw@nih.gov,Colombia,green
34,Male,Female,Group C,Carlotta,Loach,57,cloachx@salon.com,Vietnam,red
35,Female,Female,Group A,Agna,Cochet,25,acochety@google.it,Nigeria,green
36,Female,Male,Group B,Graehme,Gaskoin,38,ggaskoinz@themeforest.net,United States,red
37,Male,Male,Group A,Tuck,Korb,33,tkorb10@ehow.com,China,blue
38,Male,Male,Group A,Dunc,Orfeur,68,dorfeur11@un.org,Bangladesh,red
39,Male,Male,Group A,Clifford,Dalgarnocht,24,cdalgarnocht12@dmoz.org,Peru,blue
40,Female,Female,Group B,Audre,Dullard,62,adullard13@psu.edu,Peru,green
41,Male,Female,Group C,Vickie,Gerriets,47,vgerriets14@weather.com,Brazil,blue
42,Non-binary,Female,Group A,Maritsa,Chese,31,mchese15@github.io,China,green
43,Male,Female,Group B,Dusty,Olphert,53,dolphert16@sohu.com,Indonesia,red
44,Female,Male,Group A,Jae,McMonies,27,jmcmonies17@multiply.com,China,red
45,Female,Male,Group B,Dorian,Iwanowicz,36,diwanowicz18@bbb.org,Palestinian Territory,red
46,Male,Female,Group A,Eada,Offen,57,eoffen19@xrea.com,Kazakhstan,green
47,Male,Male,Group B,Quinton,Diment,46,qdiment1a@census.gov,Poland,blue
48,Male,Male,Group A,Wit,Blakeley,74,wblakeley1b@slashdot.org,Indonesia,green
49,Female,Female,Group A,Patsy,Clemenson,38,pclemenson1c@dell.com,Sudan,blue
50,Female,Male,Group A,Roddy,Giraudot,52,rgiraudot1d@mozilla.org,Philippines,blue
51,Male,Male,Group A,Sutton,Lydiard,44,slydiard1e@alibaba.com,Poland,green
52,Male,Genderqueer,Group B,Legra,Bewsy,84,lbewsy1f@biglobe.ne.jp,New Caledonia,blue
53,Male,Female,Group C,Eadith,Pettegree,36,epettegree1g@yellowbook.com,Indonesia,green
54,Female,Female,Group B,Ailene,Willock,82,awillock1h@illinois.edu,Indonesia,green
55,Female,Male,Group A,Roderigo,Hansie,82,rhansie1i@weather.com,Peru,green
56,Male,Female,Group C,Carolina,Brodeur,27,cbrodeur1j@washington.edu,Indonesia,green
57,Male,Female,Group C,Rozina,Annear,61,rannear1k@wufoo.com,Portugal,green
58,Female,Female,Group A,Isabelle,Smalecombe,79,ismalecombe1l@lycos.com,Colombia,green
59,Female,Male,Group B,Demetris,Emberson,73,demberson1m@tuttocitta.it,Russia,blue
60,Male,Male,Group C,Salmon,Banes,50,sbanes1n@technorati.com,Greece,green
61,Male,Agender,Group C,Jordain,Pattemore,25,jpattemore1o@reddit.com,United Kingdom,blue
62,Male,Female,Group B,Teresita,Moorfield,32,tmoorfield1p@whitehouse.gov,Czech Republic,red
63,Genderqueer,Genderqueer,Group A,Bertie,Ramsey,53,bramsey1q@slideshare.net,Japan,red
64,Male,Male,Group A,Jeremiah,Teanby,58,jteanby1r@furl.net,Sweden,blue
65,Female,Female,Group B,Shae,Reddell,39,sreddell1s@yellowbook.com,China,green
66,Female,Male,Group B,Merrick,Hartridge,54,mhartridge1t@tuttocitta.it,Russia,blue
67,Male,Male,Group C,Thorsten,Fee,67,tfee1u@ft.com,Bangladesh,green
68,Female,Male,Group A,Arty,Anthona,62,aanthona1v@wp.com,Brazil,green
69,Female,Male,Group B,Noach,Prior,85,nprior1w@amazon.co.uk,Portugal,green
70,Male,Male,Group C,Granny,Kloser,41,gkloser1x@privacy.gov.au,Philippines,blue
71,Male,Female,Group B,Lesley,Mableson,23,lmableson1y@bloglines.com,Argentina,blue
72,Male,Male,Group B,Paddy,Langthorn,75,plangthorn1z@de.vu,China,green
73,Female,Female,Group A,Suzanne,Bowlands,50,sbowlands20@a8.net,Indonesia,blue
74,Female,Female,Group B,Clare,Seres,56,cseres21@fema.gov,China,green
75,Male,Non-binary,Group B,Jan,Dymocke,30,jdymocke22@state.gov,Brazil,green
76,Male,Male,Group C,Thaxter,Plowman,83,tplowman23@chicagotribune.com,China,green
77,Male,Female,Group B,Ardella,Gensavage,85,agensavage24@netvibes.com,China,blue
78,Male,Male,Group A,Malchy,Burfield,47,mburfield25@about.com,Russia,red
79,Female,Female,Group C,Catha,Bratchell,81,cbratchell26@addtoany.com,Philippines,green
80,Male,Male,Group B,Rollo,Munroe,67,rmunroe27@dell.com,China,blue
81,Genderqueer,Female,Group C,Ronda,Wroth,54,rwroth28@sun.com,Myanmar,blue
82,Male,Male,Group C,Scott,Debell,22,sdebell29@msu.edu,China,blue
83,Female,Genderqueer,Group A,Adan,Jackling,23,ajackling2a@amazon.co.jp,Maldives,red
84,Female,Male,Group C,Alvin,Pinnock,83,apinnock2b@goo.gl,Czech Republic,blue
85,Male,Male,Group A,Janek,O'Moylane,69,jomoylane2c@wikipedia.org,Indonesia,red
86,Male,Male,Group B,Kalil,Gilliam,70,kgilliam2d@163.com,Uruguay,red
87,Female,Male,Group A,Shelby,Bachelor,49,sbachelor2e@wikispaces.com,Cape Verde,green
88,Female,Female,Group B,Carlynne,Ridler,60,cridler2f@drupal.org,British Virgin Islands,red
89,Male,Male,Group A,Fin,Lynas,68,flynas2g@tumblr.com,France,blue
90,Male,Male,Group B,Vidovic,Temby,32,vtemby2h@istockphoto.com,Comoros,red
91,Male,Female,Group C,Joella,Dobing,70,jdobing2i@paginegialle.it,Indonesia,green
92,Male,Genderqueer,Group C,Elisha,Plampin,58,eplampin2j@xrea.com,Indonesia,blue
93,Male,Non-binary,Group C,Wilma,Looney,43,wlooney2k@house.gov,Sweden,blue
94,Male,Male,Group C,Shepard,Stanbridge,37,sstanbridge2l@nih.gov,China,blue
95,Agender,Agender,Group A,Richard,Fullager,61,rfullager2m@amazon.co.jp,Ivory Coast,green
96,Agender,Male,Group C,Anthony,Scullin,61,ascullin2n@pagesperso-orange.fr,Indonesia,green
97,Male,Male,Group A,Etienne,Bratt,60,ebratt2o@plala.or.jp,Mongolia,red
98,Male,Female,Group B,Myranda,Breslane,24,mbreslane2p@google.de,Afghanistan,blue
99,Male,Male,Group A,Syman,Braga,80,sbraga2q@si.edu,South Korea,red
100,Female,Female,Group A,Christye,Gumly,73,cgumly2r@cdc.gov,China,green
101,Female,Genderqueer,Group A,Willa,Dackombe,38,wdackombe2s@ebay.co.uk,Pakistan,blue
102,Male,Non-binary,Group A,Lavina,Kleen,72,lkleen2t@tuttocitta.it,Cuba,green
103,Male,Bigender,Group A,Steven,Kornalik,81,skornalik2u@godaddy.com,Indonesia,green
104,Female,Agender,Group C,Levon,Cornhill,26,lcornhill2v@dion.ne.jp,Ukraine,green
105,Male,Female,Group A,Aimee,Potte,35,apotte2w@fema.gov,Dominican Republic,red
106,Male,Non-binary,Group B,Tedi,Sammonds,38,tsammonds2x@reuters.com,Philippines,green
107,Male,Non-binary,Group C,Theodore,Ord,46,tord2y@webs.com,Indonesia,red
108,Male,Male,Group A,Kendrick,Byart,78,kbyart2z@msn.com,Indonesia,blue
109,Male,Male,Group A,Parsifal,Gorch,80,pgorch30@plala.or.jp,Greece,red
110,Male,Female,Group B,Reggi,Cokayne,76,rcokayne31@cornell.edu,Indonesia,red
111,Female,Female,Group A,Belva,Lewnden,69,blewnden32@bloomberg.com,Nigeria,green
112,Male,Female,Group B,Renae,Heskins,35,rheskins33@unblog.fr,Portugal,blue
113,Male,Male,Group C,Maximilian,Gentsch,76,mgentsch34@fc2.com,Philippines,red
114,Female,Male,Group C,Brannon,Pilmore,53,bpilmore35@psu.edu,Portugal,red
115,Female,Male,Group B,Herbert,Geffe,49,hgeffe36@newyorker.com,China,green
116,Female,Female,Group B,Reine,Gravenor,34,rgravenor37@drupal.org,Greece,red
117,Male,Female,Group A,Romonda,Worling,65,rworling38@stumbleupon.com,Ireland,blue
118,Male,Male,Group A,Sawyere,De Gowe,57,sdegowe39@wikimedia.org,Japan,red
119,Female,Male,Group A,Drugi,Frostdicke,55,dfrostdicke3a@nytimes.com,China,red
120,Female,Female,Group B,Leisha,Townes,78,ltownes3b@businessweek.com,China,green
121,Female,Male,Group A,Christophorus,Gurry,77,cgurry3c@sphinn.com,France,blue
122,Female,Male,Group C,Odie,Gowdy,38,ogowdy3d@163.com,Vietnam,red
123,Male,Female,Group B,Hedwig,Toffetto,50,htoffetto3e@umich.edu,Portugal,blue
124,Male,Female,Group C,Karoly,Margeram,23,kmargeram3f@goo.gl,China,blue
125,Male,Female,Group C,Idaline,Gimblet,74,igimblet3g@squarespace.com,Ukraine,blue
126,Male,Male,Group A,Yorgos,Hoffman,70,yhoffman3h@marketwatch.com,China,blue
127,Male,Bigender,Group C,Keen,Dusting,63,kdusting3i@dailymotion.com,China,red
128,Male,Male,Group A,Winthrop,Mash,81,wmash3j@businessinsider.com,Colombia,green
129,Male,Male,Group B,Chev,Corneliussen,72,ccorneliussen3k@blogtalkradio.com,China,red
130,Male,Female,Group A,Jermaine,Mainwaring,82,jmainwaring3l@studiopress.com,France,green
131,Agender,Female,Group A,Milicent,Gherardi,83,mgherardi3m@miitbeian.gov.cn,Indonesia,red
132,Agender,Male,Group C,Allin,Crowcum,27,acrowcum3n@wufoo.com,Spain,red
133,Female,Female,Group B,Mildred,Corriea,52,mcorriea3o@ibm.com,Czech Republic,blue
134,Male,Female,Group A,Karlene,Staff,63,kstaff3p@eventbrite.com,Netherlands,blue
135,Male,Female,Group A,Mala,Samart,85,msamart3q@ca.gov,Brazil,blue
136,Polygender,Male,Group C,Dorie,Pickton,26,dpickton3r@cisco.com,China,green
137,Female,Female,Group C,Lelah,Arsey,74,larsey3s@theatlantic.com,Mexico,blue
138,Female,Male,Group C,Tannie,Wrathmall,71,twrathmall3t@networksolutions.com,Indonesia,green
139,Male,Male,Group B,Fairlie,Oldmeadow,32,foldmeadow3u@ifeng.com,Brazil,blue
140,Male,Female,Group B,Michelle,Pavinese,27,mpavinese3v@miibeian.gov.cn,China,red
141,Female,Male,Group C,Frannie,Pierri,63,fpierri3w@bigcartel.com,Sweden,green
142,Male,Male,Group A,Penn,Dibb,78,pdibb3x@guardian.co.uk,Brazil,red
143,Male,Female,Group A,Jordain,Carthew,46,jcarthew3y@freewebs.com,Indonesia,green
144,Female,Female,Group C,Ruthanne,Mounfield,69,rmounfield3z@chicagotribune.com,Thailand,blue
145,Female,Female,Group C,Mattie,Winger,85,mwinger40@cafepress.com,China,blue
146,Female,Female,Group A,Evangelin,Reinhardt,20,ereinhardt41@ucoz.ru,Poland,blue
147,Male,Female,Group C,Tiertza,Langstone,85,tlangstone42@engadget.com,United States,blue
148,Female,Female,Group A,Valera,Matzkaitis,71,vmatzkaitis43@altervista.org,Ghana,green
149,Polygender,Female,Group C,Honoria,Scotchbourouge,29,hscotchbourouge44@ft.com,Indonesia,red
150,Genderfluid,Female,Group A,Bria,Overshott,67,bovershott45@sciencedirect.com,Syria,green
151,Female,Female,Group B,Margalit,Pilipyak,24,mpilipyak46@etsy.com,Argentina,green
152,Polygender,Female,Group A,Xylina,Tanzig,24,xtanzig47@fc2.com,Poland,red
153,Male,Female,Group B,Claudette,Bestar,24,cbestar48@paginegialle.it,Czech Republic,red
154,Female,Male,Group B,Haze,Taig,35,htaig49@fotki.com,Sweden,green
155,Female,Female,Group A,Janeczka,Graysmark,25,jgraysmark4a@newsvine.com,Belarus,green
156,Male,Male,Group A,Tulley,Collyer,80,tcollyer4b@spiegel.de,China,red
157,Male,Male,Group B,Kingston,Willcot,51,kwillcot4c@sciencedirect.com,Indonesia,blue
158,Male,Female,Group B,Tallou,Alcido,60,talcido4d@economist.com,Indonesia,red
159,Female,Female,Group B,Gloriana,Penburton,77,gpenburton4e@ask.com,Germany,green
160,Male,Male,Group A,Towney,Runnalls,67,trunnalls4f@twitter.com,Russia,blue
161,Male,Male,Group A,Granger,Deinhard,73,gdeinhard4g@forbes.com,Greece,green
162,Female,Non-binary,Group A,Pepe,Jonke,68,pjonke4h@lycos.com,Laos,blue
163,Female,Male,Group A,Tirrell,Greenhouse,22,tgreenhouse4i@delicious.com,China,green
164,Male,Male,Group B,Hansiain,Barwell,44,hbarwell4j@oaic.gov.au,China,blue
165,Male,Male,Group C,Davidde,Liepins,56,dliepins4k@over-blog.com,Peru,green
166,Male,Female,Group B,Della,Lewsie,37,dlewsie4l@dyndns.org,China,blue
167,Male,Male,Group A,Rodd,Santer,61,rsanter4m@bluehost.com,Indonesia,red
168,Female,Male,Group A,Gardner,Speerman,80,gspeerman4n@infoseek.co.jp,Armenia,green
169,Male,Male,Group C,Rollie,Eymer,64,reymer4o@pbs.org,China,green
170,Female,Polygender,Group B,Coralyn,Romei,68,cromei4p@com.com,Brazil,blue
171,Male,Male,Group B,Fulton,Moger,20,fmoger4q@bigcartel.com,Russia,green
172,Male,Female,Group A,Lauren,Pears,76,lpears4r@acquirethisname.com,Portugal,blue
173,Female,Male,Group A,Kincaid,Shepheard,50,kshepheard4s@hc360.com,Saudi Arabia,green
174,Agender,Male,Group B,Merle,Ronchetti,57,mronchetti4t@yahoo.com,Japan,red
175,Male,Female,Group B,Natalee,Bonnick,36,nbonnick4u@gov.uk,Russia,red
176,Male,Male,Group C,Lyon,Bonar,19,lbonar4v@is.gd,Serbia,blue
177,Female,Male,Group A,Cecilius,Freeburn,82,cfreeburn4w@instagram.com,France,red
178,Female,Male,Group A,Jorge,Biddles,38,jbiddles4x@geocities.com,China,blue
179,Female,Female,Group C,Loralie,Garaghan,44,lgaraghan4y@pcworld.com,Morocco,red
180,Male,Female,Group A,Aprilette,Pierrepoint,43,apierrepoint4z@wikimedia.org,China,green
181,Male,Male,Group A,Hewitt,Calcott,76,hcalcott50@amazon.de,China,green
182,Female,Male,Group B,Tulley,Sheere,44,tsheere51@biblegateway.com,Russia,red
183,Male,Female,Group C,Siouxie,Mickan,25,smickan52@narod.ru,China,green
184,Female,Female,Group B,Teresina,Gadson,40,tgadson53@bluehost.com,Portugal,blue
185,Male,Male,Group A,Otis,Zmitruk,38,ozmitruk54@eepurl.com,China,blue
186,Male,Female,Group B,Liuka,Zielinski,65,lzielinski55@mtv.com,Philippines,red
187,Female,Male,Group B,Byran,Cominotti,61,bcominotti56@cyberchimps.com,Ukraine,blue
188,Male,Male,Group A,Alleyn,Neville,60,aneville57@unesco.org,Colombia,blue
189,Bigender,Female,Group C,Lizette,Reddel,30,lreddel58@newyorker.com,Guatemala,blue
190,Male,Female,Group C,Geneva,Shillum,38,gshillum59@si.edu,Tanzania,green
191,Male,Male,Group B,Quinn,Vanstone,37,qvanstone5a@indiegogo.com,United States,red
192,Female,Female,Group C,Rachel,Skirvin,24,rskirvin5b@wordpress.org,Montenegro,green
193,Female,Female,Group A,Eran,Le Noir,44,elenoir5c@google.ru,Honduras,green
194,Male,Male,Group B,Heath,Dell Casa,51,hdellcasa5d@plala.or.jp,Greece,green
195,Male,Female,Group B,Cristin,Medcraft,44,cmedcraft5e@virginia.edu,Portugal,green
196,Male,Bigender,Group B,Letti,Carl,55,lcarl5f@home.pl,Czech Republic,red
197,Non-binary,Female,Group B,Val,Westrey,66,vwestrey5g@marriott.com,Mexico,red
198,Male,Male,Group A,Roi,Mundwell,58,rmundwell5h@amazonaws.com,China,green
199,Female,Male,Group C,Tadeas,Semble,42,tsemble5i@php.net,Panama,blue
200,Male,Male,Group A,Julian,Clavering,44,jclavering5j@hud.gov,China,red
201,Male,Male,Group B,Nathanil,Kilroy,55,nkilroy5k@google.ca,Indonesia,green
202,Male,Female,Group A,Bobbye,Maylor,77,bmaylor5l@ft.com,Indonesia,red
203,Female,Female,Group C,Audrie,Scibsey,68,ascibsey5m@taobao.com,Peru,blue
204,Male,Male,Group C,Peirce,Robillart,44,probillart5n@dmoz.org,Tunisia,green
205,Female,Female,Group B,Charmaine,D'Antonio,54,cdantonio5o@mit.edu,Chile,red
206,Female,Male,Group C,Urbanus,Schofield,46,uschofield5p@ed.gov,Colombia,green
207,Female,Female,Group C,Billi,Job,19,bjob5q@nih.gov,China,blue
208,Male,Female,Group C,Heath,Dewitt,44,hdewitt5r@oaic.gov.au,China,red
209,Male,Female,Group A,Hesther,Spowage,52,hspowage5s@deliciousdays.com,Russia,green
210,Female,Female,Group B,Atlante,Cawthery,78,acawthery5t@bloomberg.com,Namibia,blue
211,Male,Male,Group B,Ad,Leythley,27,aleythley5u@narod.ru,Portugal,red
212,Male,Male,Group A,Issiah,Andrey,81,iandrey5v@google.de,Brazil,blue
213,Male,Male,Group B,Kahaleel,Marchelli,29,kmarchelli5w@archive.org,Colombia,green
214,Male,Male,Group C,Geoffry,Wishart,66,gwishart5x@paginegialle.it,Argentina,green
215,Male,Male,Group C,Ray,Lee,37,rlee5y@nih.gov,Georgia,red
216,Female,Male,Group B,Kendell,Bowra,46,kbowra5z@msu.edu,Mexico,red
217,Female,Agender,Group A,Tasia,Polgreen,81,tpolgreen60@chicagotribune.com,Philippines,green
218,Female,Female,Group A,Scarlet,Swyn,49,sswyn61@bing.com,Poland,green
219,Female,Female,Group A,Meg,Klessmann,60,mklessmann62@wikia.com,China,green
220,Female,Male,Group C,Sidney,Jaggs,19,sjaggs63@mapy.cz,Peru,green
221,Female,Polygender,Group B,Tobey,Roizn,69,troizn64@eepurl.com,China,green
222,Polygender,Genderfluid,Group B,Pete,Clarycott,69,pclarycott65@japanpost.jp,Russia,red
223,Female,Male,Group A,Ambrosius,Carriage,82,acarriage66@imageshack.us,Peru,green
224,Female,Female,Group A,Ingaborg,Cornbell,68,icornbell67@constantcontact.com,Syria,blue
225,Genderqueer,Male,Group A,Thom,Baugh,76,tbaugh68@cnbc.com,France,red
226,Male,Male,Group A,Bartholomeus,Palister,26,bpalister69@myspace.com,China,red
227,Male,Male,Group A,Archie,Croxall,74,acroxall6a@utexas.edu,Belgium,green
228,Male,Female,Group A,Rebbecca,Indgs,24,rindgs6b@tmall.com,Syria,green
229,Female,Male,Group B,Nikolaus,Spraging,70,nspraging6c@newyorker.com,Poland,green
230,Female,Female,Group B,Randi,Donwell,46,rdonwell6d@biblegateway.com,Uganda,green
231,Male,Female,Group C,Ludovika,Snalum,55,lsnalum6e@redcross.org,Uganda,red
232,Male,Female,Group C,Hanny,Baudou,55,hbaudou6f@chicagotribune.com,Afghanistan,red
233,Female,Female,Group B,Talia,Pipes,71,tpipes6g@indiegogo.com,Portugal,green
234,Male,Genderfluid,Group B,Amaleta,Eltringham,56,aeltringham6h@people.com.cn,Greece,blue
235,Female,Bigender,Group A,Brenda,Jouanet,74,bjouanet6i@bloomberg.com,Yemen,red
236,Agender,Male,Group A,Iorgos,Lucien,19,ilucien6j@ovh.net,Sweden,red
237,Male,Male,Group A,Bondie,Meritt,56,bmeritt6k@psu.edu,China,blue
238,Female,Male,Group C,Antony,Headley,34,aheadley6l@adobe.com,United States,red
239,Female,Male,Group C,Den,Osan,55,dosan6m@shareasale.com,Thailand,red
240,Female,Female,Group A,Pooh,Gallafant,40,pgallafant6n@wordpress.com,China,red
241,Male,Male,Group B,Rodrique,Dockray,38,rdockray6o@cbsnews.com,United States,green
242,Male,Female,Group C,Revkah,Sapena,49,rsapena6p@ucoz.ru,China,green
243,Male,Male,Group C,Conan,Shanks,79,cshanks6q@diigo.com,China,blue
244,Female,Female,Group A,Fianna,Earlam,41,fearlam6r@phpbb.com,Maldives,red
245,Male,Female,Group B,Minnaminnie,Astill,77,mastill6s@wired.com,Croatia,blue
246,Male,Female,Group B,Rubia,Spurling,66,rspurling6t@ycombinator.com,Botswana,red
247,Female,Agender,Group C,Renaldo,Shaw,19,rshaw6u@telegraph.co.uk,France,green
248,Male,Female,Group A,Jeri,Shotboulte,46,jshotboulte6v@google.fr,Indonesia,red
249,Female,Female,Group A,Filide,Peperell,81,fpeperell6w@hud.gov,China,blue
250,Female,Genderqueer,Group A,Alix,Whytock,77,awhytock6x@pen.io,Panama,blue
251,Female,Female,Group B,Joellen,La Batie,49,jlabatie6y@simplemachines.org,Canada,green
252,Male,Female,Group A,Vera,Djekovic,34,vdjekovic6z@tinyurl.com,Brazil,green
253,Female,Male,Group A,Edgardo,Brussell,57,ebrussell70@bbb.org,Bosnia and Herzegovina,red
254,Female,Female,Group B,Modesta,Forth,50,mforth71@mayoclinic.com,Russia,red
255,Male,Male,Group B,Gun,Ridgway,70,gridgway72@arstechnica.com,Philippines,blue
256,Female,Female,Group C,Darleen,Linger,79,dlinger73@1und1.de,Mozambique,red
257,Female,Male,Group A,Pascal,Rodson,58,prodson74@weibo.com,Indonesia,green
258,Male,Male,Group C,Nevil,Itzkovitch,80,nitzkovitch75@ucsd.edu,Russia,green
259,Female,Male,Group C,Daren,Rea,65,drea76@ocn.ne.jp,Peru,green
260,Female,Female,Group A,Glenda,Drinkhall,37,gdrinkhall77@ifeng.com,France,blue
261,Female,Female,Group A,Adrienne,Rude,42,arude78@infoseek.co.jp,Nigeria,red
262,Male,Female,Group B,Issie,Delatour,75,idelatour79@domainmarket.com,China,green
263,Female,Female,Group A,Ursala,Drayton,53,udrayton7a@google.de,Indonesia,red
264,Male,Female,Group A,Sylvia,McSherry,21,smcsherry7b@samsung.com,Nepal,blue
265,Male,Female,Group A,Tani,Gerard,64,tgerard7c@narod.ru,Philippines,green
266,Male,Male,Group C,Alfonso,Reeken,75,areeken7d@amazon.com,Venezuela,green
267,Male,Male,Group C,Grady,Meegan,76,gmeegan7e@thetimes.co.uk,Peru,green
268,Genderfluid,Male,Group B,Reggie,Lazenbury,19,rlazenbury7f@aol.com,Colombia,green
269,Genderqueer,Male,Group B,Addy,McGarrity,45,amcgarrity7g@1und1.de,Vietnam,blue
270,Female,Male,Group A,Obed,Poynton,78,opoynton7h@geocities.com,Indonesia,blue
271,Male,Male,Group A,Osborn,Myrtle,70,omyrtle7i@angelfire.com,Greece,blue
272,Female,Female,Group B,Kary,Turmell,67,kturmell7j@eepurl.com,Germany,blue
273,Female,Female,Group B,Sonnnie,Pitkethly,31,spitkethly7k@posterous.com,Portugal,green
274,Female,Male,Group A,Nikita,Sennett,44,nsennett7l@yelp.com,Sweden,green
275,Female,Polygender,Group A,Patty,Blankau,46,pblankau7m@vinaora.com,Philippines,red
276,Male,Male,Group C,Lauritz,Murfett,44,lmurfett7n@parallels.com,Belarus,red
277,Male,Female,Group B,Deeanne,MacCrann,19,dmaccrann7o@hibu.com,Brazil,red
278,Male,Female,Group B,Ertha,Lough,19,elough7p@acquirethisname.com,Russia,blue
279,Male,Male,Group A,Emmet,Hinkley,26,ehinkley7q@narod.ru,Indonesia,blue
280,Male,Female,Group A,Lorry,Ennever,66,lennever7r@shareasale.com,Iran,green
281,Female,Male,Group A,Timotheus,Vanelli,36,tvanelli7s@tinyurl.com,Mozambique,blue
282,Female,Female,Group A,Noell,Newlin,72,nnewlin7t@apache.org,Philippines,blue
283,Female,Female,Group B,Josie,Collibear,80,jcollibear7u@tripod.com,Ukraine,red
284,Female,Female,Group C,Dyanna,Bergeau,70,dbergeau7v@canalblog.com,Indonesia,blue
285,Male,Male,Group C,Millard,Powter,33,mpowter7w@va.gov,United Arab Emirates,blue
286,Female,Female,Group C,Harli,Morrieson,40,hmorrieson7x@360.cn,Russia,blue
287,Male,Female,Group A,Joellyn,Patzelt,40,jpatzelt7y@desdev.cn,Russia,green
288,Male,Male,Group A,Cliff,Ludovico,27,cludovico7z@thetimes.co.uk,China,green
289,Male,Male,Group A,Ric,Humbie,49,rhumbie80@t-online.de,China,blue
290,Male,Female,Group A,Paulita,Greenhill,76,pgreenhill81@un.org,Sweden,red
291,Female,Male,Group C,Dalston,Greenshiels,73,dgreenshiels82@mit.edu,China,green
292,Male,Female,Group C,Dawn,Baggot,57,dbaggot83@uiuc.edu,Indonesia,green
293,Male,Male,Group B,Lorrie,MacColm,82,lmaccolm84@geocities.com,Nigeria,green
294,Female,Female,Group B,Lana,Laughnan,37,llaughnan85@sphinn.com,Oman,green
295,Agender,Female,Group B,Murial,Wye,60,mwye86@goodreads.com,Bosnia and Herzegovina,blue
296,Female,Male,Group B,Zebadiah,Drew,74,zdrew87@cloudflare.com,Azerbaijan,red
297,Female,Female,Group A,Ursulina,Longrigg,22,ulongrigg88@123-reg.co.uk,China,blue
298,Female,Female,Group C,Marj,McCalum,55,mmccalum89@friendfeed.com,Portugal,red
299,Male,Female,Group A,Allys,Lowdyane,80,alowdyane8a@icq.com,Argentina,green
300,Female,Polygender,Group B,Margarita,Bertomieu,74,mbertomieu8b@comcast.net,China,red
301,Female,Male,Group C,Wilek,Vanyukhin,20,wvanyukhin8c@soup.io,Montenegro,red
302,Male,Female,Group B,Tamra,Penton,36,tpenton8d@wordpress.com,Iran,red
303,Female,Male,Group B,Leif,Wardroper,50,lwardroper8e@tmall.com,Indonesia,blue
304,Genderqueer,Female,Group C,Bea,Lamb-shine,62,blambshine8f@businessinsider.com,Indonesia,green
305,Female,Male,Group C,Rik,Pyvis,55,rpyvis8g@ihg.com,United States,blue
306,Female,Female,Group B,Genni,Waszczyk,40,gwaszczyk8h@spotify.com,Wallis and Futuna,red
307,Male,Male,Group C,Fields,Baythorp,80,fbaythorp8i@unicef.org,Indonesia,blue
308,Male,Female,Group C,Darlene,Mattinson,63,dmattinson8j@google.com.hk,China,blue
309,Male,Female,Group C,Ollie,Le Brom,62,olebrom8k@a8.net,Indonesia,green
310,Male,Female,Group B,Aaren,Spondley,42,aspondley8l@boston.com,Afghanistan,red
311,Female,Male,Group B,Barnie,Waller-Bridge,43,bwallerbridge8m@facebook.com,China,green
312,Female,Male,Group A,Ches,Ettery,62,cettery8n@archive.org,Brazil,green
313,Female,Male,Group B,Winfield,Edgeller,59,wedgeller8o@theglobeandmail.com,Bangladesh,blue
314,Female,Female,Group B,Caressa,Gummory,63,cgummory8p@alexa.com,China,blue
315,Male,Male,Group B,Heath,de Bullion,74,hdebullion8q@google.co.jp,China,blue
316,Female,Female,Group A,Odelinda,Balfe,52,obalfe8r@tuttocitta.it,Lithuania,blue
317,Male,Female,Group C,Caroljean,Waliszewski,49,cwaliszewski8s@telegraph.co.uk,Philippines,green
318,Male,Bigender,Group B,Crysta,LAbbet,60,clabbet8t@unicef.org,China,green
319,Male,Female,Group C,Katrina,Hawker,65,khawker8u@google.co.uk,China,green
320,Female,Male,Group C,Oswell,Giottoi,73,ogiottoi8v@dell.com,Poland,red
321,Female,Female,Group B,Devan,Filppetti,31,dfilppetti8w@tumblr.com,France,red
322,Female,Female,Group C,Thelma,Kinchin,40,tkinchin8x@wiley.com,Panama,blue
323,Male,Bigender,Group A,Krishna,Dunthorn,34,kdunthorn8y@newyorker.com,Ukraine,green
324,Female,Male,Group C,Donavon,Potteridge,56,dpotteridge8z@wikispaces.com,France,blue
325,Female,Female,Group C,Larisa,Hanway,35,lhanway90@1und1.de,Philippines,blue
326,Bigender,Female,Group B,Alane,Stallworthy,51,astallworthy91@chronoengine.com,Indonesia,green
327,Female,Female,Group C,Ros,Yakunkin,44,ryakunkin92@indiatimes.com,China,red
328,Male,Female,Group A,Anni,Divina,39,adivina93@123-reg.co.uk,Indonesia,green
329,Male,Female,Group C,Darleen,Gilfillan,81,dgilfillan94@msn.com,Brazil,red
330,Male,Female,Group B,Fidelity,Miettinen,23,fmiettinen95@cocolog-nifty.com,China,red
331,Female,Polygender,Group C,Alford,Gristhwaite,46,agristhwaite96@unesco.org,Ukraine,red
332,Male,Male,Group C,Sylvan,Vurley,40,svurley97@squidoo.com,United States,blue
333,Genderqueer,Female,Group A,Willie,Niemetz,59,wniemetz98@cpanel.net,China,blue
334,Female,Female,Group C,Cristie,Lamburne,61,clamburne99@4shared.com,Sweden,red
335,Female,Agender,Group C,Tucker,Sollner,50,tsollner9a@ycombinator.com,Czech Republic,green
336,Female,Non-binary,Group B,Cullan,Zellner,23,czellner9b@bloomberg.com,Belarus,blue
337,Female,Male,Group B,Benito,Trueman,49,btrueman9c@unicef.org,Bosnia and Herzegovina,blue
338,Female,Female,Group A,Elysee,Girdler,21,egirdler9d@icio.us,China,red
339,Female,Female,Group B,Carmelle,Delion,34,cdelion9e@php.net,Mali,red
340,Female,Female,Group A,Kassey,Neumann,57,kneumann9f@acquirethisname.com,Brazil,green
341,Male,Male,Group B,Fields,Langrick,57,flangrick9g@nymag.com,Nigeria,blue
342,Female,Female,Group B,Bertie,Rountree,24,brountree9h@discovery.com,Philippines,green
343,Female,Agender,Group A,Calhoun,Gillebride,34,cgillebride9i@so-net.ne.jp,Thailand,blue
344,Female,Female,Group A,Blondell,Hulkes,29,bhulkes9j@va.gov,Poland,green
345,Female,Female,Group B,Angele,Regelous,48,aregelous9k@ebay.co.uk,Sri Lanka,red
346,Polygender,Female,Group B,Del,Dudden,68,ddudden9l@princeton.edu,Malaysia,red
347,Male,Female,Group C,Morgan,Besset,81,mbesset9m@nymag.com,Argentina,blue
348,Male,Male,Group C,Jesse,Petyakov,38,jpetyakov9n@amazon.co.jp,Indonesia,green
349,Male,Male,Group B,Millard,Goodredge,47,mgoodredge9o@abc.net.au,Poland,green
350,Female,Female,Group B,Denyse,Dilliway,63,ddilliway9p@sitemeter.com,New Zealand,green
351,Male,Male,Group C,Richie,Bugg,73,rbugg9q@whitehouse.gov,Iran,red
352,Female,Female,Group C,Perle,Mendus,58,pmendus9r@goo.ne.jp,Poland,blue
353,Female,Female,Group A,Anestassia,Morphey,54,amorphey9s@weebly.com,Azerbaijan,blue
354,Female,Male,Group A,Saunders,Jessopp,62,sjessopp9t@theatlantic.com,Peru,blue
355,Genderqueer,Male,Group C,Shep,Aherne,77,saherne9u@clickbank.net,Philippines,green
356,Male,Male,Group B,Conway,Gillman,28,cgillman9v@desdev.cn,Argentina,blue
357,Agender,Male,Group C,Zolly,Mullinger,30,zmullinger9w@nih.gov,United States,blue
358,Male,Female,Group B,Chiarra,Bromige,30,cbromige9x@hugedomains.com,China,red
359,Female,Female,Group B,Ronnica,Frenchum,68,rfrenchum9y@loc.gov,Armenia,blue
360,Genderqueer,Male,Group B,Klement,Drewett,24,kdrewett9z@columbia.edu,China,red
361,Female,Male,Group A,Marcus,Bastable,76,mbastablea0@a8.net,Czech Republic,green
362,Female,Bigender,Group A,Sabra,Copello,32,scopelloa1@bbb.org,Poland,blue
363,Male,Female,Group A,Hallie,Gerhartz,73,hgerhartza2@uol.com.br,Brazil,red
364,Male,Female,Group C,Malena,Conaghan,29,mconaghana3@admin.ch,Palestinian Territory,red
365,Female,Female,Group A,Willi,Riha,64,wrihaa4@weibo.com,China,green
366,Male,Female,Group C,Delia,MacMearty,63,dmacmeartya5@jimdo.com,Bulgaria,blue
367,Female,Male,Group A,Rick,Chaters,64,rchatersa6@domainmarket.com,Greece,green
368,Male,Female,Group A,Tanhya,McAlinion,78,tmcaliniona7@sphinn.com,Tunisia,green
369,Female,Male,Group B,Archie,Jurczak,57,ajurczaka8@trellian.com,China,blue
370,Female,Male,Group C,Abbey,Barfoot,71,abarfoota9@columbia.edu,Indonesia,red
371,Female,Male,Group C,Vergil,Prisley,80,vprisleyaa@webeden.co.uk,Kosovo,blue
372,Female,Male,Group A,Pincas,Castiglioni,20,pcastiglioniab@paypal.com,China,blue
373,Female,Male,Group B,Kyle,Wasbrough,34,kwasbroughac@apache.org,United States,blue
374,Female,Female,Group A,Nanci,Coldwell,81,ncoldwellad@army.mil,Sweden,blue
375,Male,Male,Group B,Scotty,Bollum,31,sbollumae@sitemeter.com,China,blue
376,Female,Male,Group C,Ozzie,Bernucci,20,obernucciaf@is.gd,China,green
377,Male,Bigender,Group B,Sollie,Swett,48,sswettag@hostgator.com,Kenya,blue
378,Female,Female,Group B,Juli,Chatt,22,jchattah@marriott.com,Indonesia,red
379,Female,Male,Group C,Jamaal,Lethbridge,37,jlethbridgeai@marketwatch.com,Indonesia,blue
380,Male,Female,Group C,Caitlin,Pettwood,54,cpettwoodaj@smh.com.au,Philippines,green
381,Female,Female,Group A,Jaclyn,Matousek,67,jmatousekak@mit.edu,Netherlands,blue
382,Female,Male,Group A,Clemmie,Frango,59,cfrangoal@homestead.com,Indonesia,green
383,Female,Male,Group A,Damien,Slora,21,dsloraam@kickstarter.com,Russia,green
384,Male,Male,Group A,Wes,Syncke,66,wsynckean@cnet.com,Haiti,green
385,Female,Polygender,Group C,Elvin,Roomes,19,eroomesao@house.gov,Indonesia,red
386,Agender,Female,Group A,Barbra,Stratz,68,bstratzap@mayoclinic.com,China,blue
387,Female,Female,Group A,Jennette,Merryman,85,jmerrymanaq@utexas.edu,Indonesia,red
388,Female,Male,Group A,Berkly,Sanday,82,bsandayar@npr.org,Indonesia,green
389,Male,Female,Group B,Lorelei,Niesegen,29,lniesegenas@google.it,Brazil,green
390,Female,Male,Group C,Job,Pavier,75,jpavierat@ucsd.edu,Portugal,green
391,Female,Male,Group C,Brannon,Dulwich,35,bdulwichau@bbb.org,Tunisia,red
392,Female,Agender,Group A,Imojean,Fouracres,75,ifouracresav@123-reg.co.uk,Portugal,red
393,Genderfluid,Female,Group B,Clarine,Simanenko,49,csimanenkoaw@geocities.jp,Indonesia,green
394,Female,Female,Group A,Barby,Bartens,25,bbartensax@tinypic.com,Indonesia,red
395,Male,Genderfluid,Group A,Clarke,Bunney,65,cbunneyay@mac.com,Egypt,green
396,Non-binary,Female,Group C,Dale,Brompton,33,dbromptonaz@sbwire.com,Poland,blue
397,Male,Male,Group B,Ralf,Grigson,85,rgrigsonb0@storify.com,China,green
398,Male,Male,Group C,Rafi,Tabour,38,rtabourb1@accuweather.com,China,green
399,Female,Non-binary,Group A,Aloise,Broadwell,22,abroadwellb2@w3.org,Russia,red
400,Female,Male,Group A,Jeromy,Hyatt,79,jhyattb3@jigsy.com,Ukraine,blue
401,Female,Male,Group B,Ario,Dovidian,49,adovidianb4@psu.edu,Russia,green
402,Male,Male,Group B,Werner,Lambshine,30,wlambshineb5@hatena.ne.jp,Kenya,red
403,Agender,Male,Group B,Tuck,Pordall,71,tpordallb6@sourceforge.net,Burkina Faso,green
404,Female,Male,Group B,Olivier,Clamo,73,oclamob7@goo.ne.jp,Poland,green
405,Male,Male,Group C,Weidar,Lofting,55,wloftingb8@dailymail.co.uk,Croatia,green
406,Female,Male,Group A,Mendel,Akerman,35,makermanb9@delicious.com,Venezuela,red
407,Agender,Female,Group B,Page,Kennally,65,pkennallyba@princeton.edu,Russia,blue
408,Polygender,Male,Group B,Shane,Mohring,31,smohringbb@webs.com,China,green
409,Bigender,Male,Group A,Artemis,Grafham,21,agrafhambc@mapquest.com,Portugal,blue
410,Non-binary,Female,Group A,Kylen,Lamonby,76,klamonbybd@hp.com,China,green
411,Female,Male,Group C,Gareth,Camocke,52,gcamockebe@jugem.jp,China,red
412,Male,Female,Group B,Netta,Menat,21,nmenatbf@eepurl.com,Poland,blue
413,Female,Genderqueer,Group B,Shawnee,Vuitton,57,svuittonbg@cbsnews.com,Russia,green
414,Male,Female,Group B,Roxanne,Strangwood,30,rstrangwoodbh@spotify.com,Myanmar,red
415,Female,Female,Group A,Ami,Bermingham,57,aberminghambi@angelfire.com,China,red
416,Female,Male,Group A,Harley,Doge,23,hdogebj@indiegogo.com,China,red
417,Male,Female,Group C,Rania,Ivanishev,83,rivanishevbk@aol.com,Russia,green
418,Male,Male,Group A,Hilary,Sygroves,41,hsygrovesbl@shop-pro.jp,Finland,green
419,Female,Female,Group A,Pamela,Nowak,66,pnowakbm@pcworld.com,Russia,red
420,Male,Female,Group C,Kessiah,Soane,69,ksoanebn@spotify.com,Philippines,red
421,Polygender,Female,Group B,Adriena,Tamblingson,85,atamblingsonbo@theatlantic.com,China,green
422,Male,Male,Group C,Sax,Botler,52,sbotlerbp@mapy.cz,China,red
423,Female,Male,Group A,Gavin,Morphey,47,gmorpheybq@wunderground.com,Colombia,red
424,Male,Female,Group B,Gussi,Stains,50,gstainsbr@myspace.com,Lithuania,blue
425,Female,Female,Group B,Cahra,Kendall,35,ckendallbs@reference.com,Macedonia,red
426,Male,Agender,Group C,Avie,Gaskill,37,agaskillbt@live.com,Sweden,red
427,Male,Male,Group A,Burk,Fairman,54,bfairmanbu@dagondesign.com,Nicaragua,red
428,Female,Female,Group C,Fawne,Yeowell,61,fyeowellbv@weibo.com,Indonesia,blue
429,Female,Male,Group A,Alford,Foresight,75,aforesightbw@apple.com,Indonesia,blue
430,Bigender,Male,Group A,Skippie,Moncreiff,79,smoncreiffbx@t-online.de,Thailand,red
431,Female,Female,Group C,Waly,Goodyear,19,wgoodyearby@nhs.uk,Indonesia,green
432,Male,Female,Group B,Nari,Rhule,79,nrhulebz@shutterfly.com,China,green
433,Female,Male,Group B,Hyman,Noor,55,hnoorc0@amazonaws.com,China,blue
434,Male,Male,Group B,Pierson,Muselli,21,pmusellic1@buzzfeed.com,China,green
435,Male,Female,Group A,Fredra,Canlin,25,fcanlinc2@123-reg.co.uk,Yemen,red
436,Female,Male,Group C,Rudie,Dugget,25,rduggetc3@nifty.com,Argentina,green
437,Genderqueer,Female,Group B,Gusti,Youll,75,gyoullc4@msu.edu,Indonesia,green
438,Male,Male,Group C,Jonathon,Drewson,41,jdrewsonc5@devhub.com,Sweden,red
439,Female,Female,Group A,Roselin,Rowlatt,54,rrowlattc6@guardian.co.uk,China,blue
440,Male,Female,Group B,Clementine,Spavon,28,cspavonc7@addtoany.com,Indonesia,green
441,Male,Genderfluid,Group A,Valentijn,Shrigley,48,vshrigleyc8@microsoft.com,China,red
442,Female,Male,Group A,Spenser,Marvin,80,smarvinc9@arizona.edu,Ukraine,red
443,Female,Male,Group C,Dillie,Shippard,49,dshippardca@barnesandnoble.com,China,red
444,Male,Male,Group A,Friedrich,Pheazey,30,fpheazeycb@cnet.com,Portugal,blue
445,Male,Male,Group A,Thibaud,Toma,66,ttomacc@hugedomains.com,Russia,red
446,Male,Male,Group C,Homere,Dwight,49,hdwightcd@arizona.edu,Portugal,green
447,Female,Female,Group C,Abagael,Byrd,23,abyrdce@foxnews.com,Mexico,blue
448,Polygender,Male,Group B,Morry,Essame,36,messamecf@nba.com,Malta,blue
449,Male,Male,Group B,Armstrong,Pedrollo,61,apedrollocg@google.es,Egypt,red
450,Male,Female,Group C,Shannon,Brimble,28,sbrimblech@webmd.com,Philippines,red
451,Female,Female,Group C,Gabriel,Skelcher,70,gskelcherci@bloomberg.com,Sudan,blue
452,Male,Female,Group B,Sashenka,Giovannini,55,sgiovanninicj@cdbaby.com,Yemen,green
453,Female,Male,Group B,Benjie,Whitlow,28,bwhitlowck@mediafire.com,Peru,blue
454,Female,Female,Group C,Concordia,Tapner,57,ctapnercl@engadget.com,Dominican Republic,blue
455,Male,Male,Group C,Gerhard,Kares,51,gkarescm@youku.com,United States,red
456,Male,Male,Group A,Lion,Yard,52,lyardcn@wired.com,Paraguay,red
457,Male,Male,Group C,Marijn,Dahlgren,84,mdahlgrenco@tumblr.com,Honduras,green
458,Female,Male,Group C,Che,Choake,84,cchoakecp@sakura.ne.jp,Colombia,red
459,Female,Male,Group C,Standford,Ruscoe,76,sruscoecq@reuters.com,China,red
460,Female,Male,Group A,Nealon,Durrad,73,ndurradcr@sciencedirect.com,Egypt,green
461,Female,Female,Group C,Pavia,Raund,77,praundcs@ning.com,China,blue
462,Male,Male,Group C,Glynn,Garnett,77,ggarnettct@youku.com,Japan,red
463,Male,Male,Group B,Niall,Norris,55,nnorriscu@springer.com,Iran,red
464,Male,Male,Group C,Ugo,Albon,57,ualboncv@senate.gov,China,red
465,Male,Male,Group B,Gaylor,Boddymead,56,gboddymeadcw@newsvine.com,Argentina,green
466,Female,Male,Group C,Boyd,Seignior,60,bseigniorcx@biblegateway.com,Liechtenstein,green
467,Female,Female,Group B,Bernita,Patroni,69,bpatronicy@gmpg.org,Argentina,green
468,Male,Female,Group A,Melony,Perrin,35,mperrincz@instagram.com,Canada,green
469,Male,Female,Group A,Berget,Barraclough,83,bbarracloughd0@theglobeandmail.com,Philippines,green
470,Female,Female,Group B,Bea,Schankel,34,bschankeld1@barnesandnoble.com,Poland,blue
471,Female,Female,Group B,Vivyanne,Heibel,28,vheibeld2@youtube.com,China,blue
472,Male,Female,Group C,Caressa,Muggleston,63,cmugglestond3@slate.com,Portugal,green
473,Male,Male,Group B,Murvyn,Mundall,61,mmundalld4@umich.edu,Philippines,blue
474,Male,Agender,Group C,Berny,Dadswell,22,bdadswelld5@amazon.com,Russia,blue
475,Male,Male,Group B,Torry,Gorrissen,69,tgorrissend6@sciencedirect.com,Brazil,green
476,Female,Female,Group B,Shandra,Sabater,70,ssabaterd7@godaddy.com,Poland,green
477,Female,Female,Group A,Cicily,Bichard,66,cbichardd8@nationalgeographic.com,Philippines,red
478,Male,Male,Group B,Hamish,Cratchley,37,hcratchleyd9@marriott.com,Greece,green
479,Male,Male,Group C,Ciro,Mennithorp,83,cmennithorpda@list-manage.com,Ireland,green
480,Male,Male,Group B,Christian,Yandell,49,cyandelldb@tinyurl.com,Panama,blue
481,Male,Female,Group B,Annamarie,MacConnechie,38,amacconnechiedc@toplist.cz,China,blue
482,Female,Female,Group B,Theadora,Eggle,65,teggledd@mapquest.com,Indonesia,red
483,Male,Male,Group B,Cristiano,Trighton,22,ctrightonde@google.nl,Japan,green
484,Female,Male,Group C,Keir,Sebyer,82,ksebyerdf@businessinsider.com,Indonesia,blue
485,Male,Male,Group C,Oberon,Heintzsch,55,oheintzschdg@addthis.com,Vietnam,blue
486,Female,Genderqueer,Group B,Tootsie,Agates,23,tagatesdh@wix.com,Peru,blue
487,Male,Male,Group A,Kim,Gypson,77,kgypsondi@guardian.co.uk,Saudi Arabia,blue
488,Male,Female,Group C,Ferdinanda,Sandcroft,68,fsandcroftdj@hhs.gov,China,blue
489,Female,Male,Group C,Gannon,Junifer,52,gjuniferdk@t.co,Guatemala,red
490,Male,Male,Group A,Edgar,Scardefield,83,escardefielddl@japanpost.jp,Cuba,blue
491,Male,Female,Group C,Glynnis,Wybourne,44,gwybournedm@topsy.com,Russia,red
492,Male,Female,Group A,Gale,Albrecht,22,galbrechtdn@fema.gov,Myanmar,green
493,Male,Male,Group C,Tremain,Marsy,41,tmarsydo@wp.com,Croatia,blue
494,Male,Female,Group B,Kira,Harrower,77,kharrowerdp@bigcartel.com,Russia,blue
495,Female,Agender,Group B,Alida,Perassi,35,aperassidq@usnews.com,Russia,blue
496,Male,Female,Group C,Eada,Pickersail,85,epickersaildr@sakura.ne.jp,Brazil,blue
497,Female,Male,Group A,Hashim,Martineau,79,hmartineauds@princeton.edu,Chile,red
498,Male,Male,Group C,Ev,Rimmington,68,erimmingtondt@amazon.de,Denmark,red
499,Female,Male,Group C,Sloan,MacVean,41,smacveandu@unesco.org,Haiti,green
500,Male,Male,Group C,Klement,Kinvan,36,kkinvandv@flavors.me,Russia,blue
501,Female,Female,Group A,Johanna,Golson,57,jgolsondw@ucla.edu,China,red
502,Genderfluid,Male,Group B,Urban,Srawley,74,usrawleydx@reuters.com,Thailand,blue
503,Genderfluid,Female,Group A,Keelia,McNellis,45,kmcnellisdy@mozilla.com,Russia,blue
504,Female,Male,Group B,Cleavland,Chree,32,cchreedz@latimes.com,Tunisia,green
505,Female,Male,Group C,Thaxter,Tolley,24,ttolleye0@economist.com,Ukraine,red
506,Female,Male,Group A,Spenser,Wycliffe,62,swycliffee1@cornell.edu,Portugal,green
507,Female,Female,Group A,Kylynn,Kembry,77,kkembrye2@intel.com,Palestinian Territory,green
508,Female,Female,Group B,Kikelia,Tripp,40,ktrippe3@nifty.com,Madagascar,green
509,Male,Male,Group B,Sterling,Cudbird,78,scudbirde4@alibaba.com,Tokelau,red
510,Female,Male,Group A,Maurise,Conichie,59,mconichiee5@istockphoto.com,France,red
511,Female,Female,Group C,Cherrita,Tordiffe,45,ctordiffee6@aboutads.info,Indonesia,red
512,Female,Female,Group B,Cybill,Martinet,19,cmartinete7@addtoany.com,Panama,red
513,Female,Female,Group B,Diana,Mellers,66,dmellerse8@who.int,Indonesia,blue
514,Female,Male,Group B,Bret,Dampier,78,bdampiere9@feedburner.com,China,red
515,Female,Female,Group C,Bree,Haggerty,74,bhaggertyea@xinhuanet.com,China,red
516,Female,Male,Group C,Northrup,Newson,19,nnewsoneb@a8.net,Myanmar,blue
517,Female,Male,Group A,Bertrand,Furmenger,26,bfurmengerec@nps.gov,Germany,red
518,Female,Female,Group B,Biddie,Whorlow,48,bwhorlowed@github.com,Tanzania,green
519,Bigender,Female,Group A,Aili,Wyrall,20,awyrallee@ucla.edu,China,green
520,Male,Female,Group C,Carlina,Missenden,49,cmissendenef@gizmodo.com,South Africa,green
521,Female,Female,Group A,Vere,Buller,25,vbullereg@mediafire.com,Peru,red
522,Male,Male,Group A,Rand,Tomei,53,rtomeieh@virginia.edu,Pakistan,green
523,Male,Male,Group C,Gavan,Loncaster,22,gloncasterei@wisc.edu,China,blue
524,Male,Male,Group A,Ali,Chatan,52,achatanej@twitter.com,Greece,red
525,Female,Male,Group B,Donnie,Beiderbeck,64,dbeiderbeckek@over-blog.com,China,blue
526,Male,Male,Group C,Dew,Tate,49,dtateel@godaddy.com,Kazakhstan,blue
527,Female,Female,Group B,Bonnee,Amsberger,31,bamsbergerem@addthis.com,Kazakhstan,green
528,Male,Female,Group A,Daisy,Dani,77,ddanien@wordpress.com,Republic of the Congo,blue
529,Female,Male,Group B,Davey,Wahner,85,dwahnereo@delicious.com,China,green
530,Female,Female,Group B,Vin,Badgers,36,vbadgersep@newsvine.com,Finland,red
531,Agender,Male,Group C,Patten,Jeffries,64,pjeffrieseq@about.com,Portugal,blue
532,Female,Female,Group C,Suzann,Lawther,36,slawtherer@kickstarter.com,Finland,blue
533,Polygender,Female,Group A,Morganne,Chapellow,30,mchapellowes@ed.gov,Japan,red
534,Female,Female,Group A,Harriett,Hegel,44,hhegelet@microsoft.com,Nigeria,blue
535,Female,Male,Group C,Reinhold,Tidmarsh,72,rtidmarsheu@elpais.com,United States,blue
536,Male,Non-binary,Group B,Fern,Domingues,63,fdominguesev@mashable.com,Brazil,red
537,Polygender,Male,Group A,Pippo,Leggin,83,plegginew@csmonitor.com,Netherlands,green
538,Female,Male,Group A,Graehme,Teague,44,gteagueex@google.com,Norway,blue
539,Female,Male,Group A,Mandel,Wibberley,63,mwibberleyey@wordpress.org,Saudi Arabia,green
540,Male,Female,Group B,Shandee,Brimilcome,81,sbrimilcomeez@nasa.gov,Poland,green
541,Female,Male,Group C,Dud,Bratton,68,dbrattonf0@bloglines.com,Thailand,red
542,Male,Female,Group A,Erma,Riccelli,22,ericcellif1@psu.edu,Indonesia,green
543,Female,Male,Group A,Trevar,Wilcocke,49,twilcockef2@dropbox.com,Japan,green
544,Female,Male,Group A,Field,Golt,85,fgoltf3@canalblog.com,China,blue
545,Male,Male,Group A,Cull,Churching,33,cchurchingf4@theglobeandmail.com,Indonesia,red
546,Male,Agender,Group B,Angy,Gasquoine,18,agasquoinef5@craigslist.org,Brazil,green
547,Female,Male,Group C,Ase,Cawood,82,acawoodf6@cam.ac.uk,Netherlands,blue
548,Male,Female,Group A,Marcelia,Chidler,69,mchidlerf7@psu.edu,Indonesia,green
549,Male,Female,Group C,Bertine,Blonden,62,bblondenf8@newsvine.com,Peru,green
550,Male,Female,Group B,Berry,Vickors,30,bvickorsf9@istockphoto.com,China,blue
551,Male,Female,Group C,Rori,Clemmensen,79,rclemmensenfa@wiley.com,France,green
552,Male,Female,Group C,Cristionna,Edgeworth,43,cedgeworthfb@google.com.au,China,red
553,Female,Agender,Group B,Philis,McCardle,35,pmccardlefc@canalblog.com,Ghana,red
554,Male,Male,Group C,Chicky,Cadman,84,ccadmanfd@addthis.com,Niger,green
555,Male,Genderqueer,Group B,Cesar,Dutt,71,cduttfe@mapquest.com,Croatia,red
556,Female,Male,Group B,Padget,Sindell,40,psindellff@mediafire.com,Indonesia,blue
557,Female,Male,Group C,Rudyard,MacCauley,32,rmaccauleyfg@networksolutions.com,Portugal,green
558,Female,Male,Group C,Hale,Fairbeard,39,hfairbeardfh@pinterest.com,United States,red
559,Male,Female,Group A,Rosmunda,Whieldon,51,rwhieldonfi@cornell.edu,Thailand,red
560,Female,Male,Group A,Elmore,Waight,78,ewaightfj@zimbio.com,Poland,blue
561,Bigender,Agender,Group C,Manon,Prior,22,mpriorfk@stanford.edu,Bosnia and Herzegovina,red
562,Male,Female,Group C,Elisha,Zannelli,69,ezannellifl@bigcartel.com,Burundi,blue
563,Female,Female,Group B,Nellie,Braisted,55,nbraistedfm@cnet.com,France,green
564,Male,Bigender,Group C,Ivar,Emlyn,79,iemlynfn@irs.gov,Thailand,blue
565,Female,Male,Group C,Corbett,Champneys,48,cchampneysfo@pbs.org,Lithuania,blue
566,Female,Female,Group C,Petronia,Shrubsall,23,pshrubsallfp@barnesandnoble.com,Denmark,green
567,Polygender,Polygender,Group C,Leopold,Towll,85,ltowllfq@webs.com,France,blue
568,Female,Female,Group C,Carmel,Dils,60,cdilsfr@example.com,Burundi,green
569,Female,Female,Group A,Phebe,Pipe,72,ppipefs@meetup.com,Chad,green
570,Male,Female,Group C,Sandra,Goldsworthy,41,sgoldsworthyft@freewebs.com,Ethiopia,red
571,Female,Female,Group A,Wenona,Hynson,48,whynsonfu@cam.ac.uk,Russia,red
572,Female,Male,Group A,Filberto,Eary,49,fearyfv@addthis.com,Portugal,green
573,Female,Male,Group B,Delmer,Edgerton,66,dedgertonfw@bizjournals.com,Philippines,blue
574,Agender,Male,Group A,Harvey,Grooby,78,hgroobyfx@oracle.com,Philippines,red
575,Female,Female,Group B,Daryn,Alfonsetti,43,dalfonsettify@altervista.org,Chad,red
576,Male,Male,Group A,Marlon,McBayne,31,mmcbaynefz@ning.com,China,red
577,Female,Male,Group B,Cleveland,Chrystie,60,cchrystieg0@who.int,Brazil,green
578,Male,Female,Group C,Taryn,MacArthur,30,tmacarthurg1@google.ca,Greenland,red
579,Female,Male,Group A,Xymenes,Downey,18,xdowneyg2@tuttocitta.it,Croatia,red
580,Male,Female,Group A,Cherri,Rudledge,22,crudledgeg3@gizmodo.com,China,green
581,Male,Female,Group B,Stefania,Mell,46,smellg4@ted.com,Brazil,blue
582,Male,Male,Group A,Horace,Fransman,81,hfransmang5@epa.gov,Indonesia,blue
583,Female,Male,Group B,Kinnie,Tolossi,58,ktolossig6@sohu.com,Russia,red
584,Female,Female,Group C,Barbette,Harriskine,63,bharriskineg7@mayoclinic.com,Argentina,blue
585,Female,Male,Group A,Artemas,Quinsee,61,aquinseeg8@fda.gov,China,blue
586,Male,Male,Group B,Evelin,Prenty,29,eprentyg9@msu.edu,Senegal,green
587,Polygender,Male,Group B,Rodolfo,Walcar,84,rwalcarga@walmart.com,China,green
588,Bigender,Male,Group B,Rudolph,Checcuzzi,68,rcheccuzzigb@wp.com,China,red
589,Female,Male,Group C,Gun,Vanyakin,75,gvanyakingc@sbwire.com,Colombia,blue
590,Female,Male,Group A,Giffer,Phifer,84,gphifergd@nature.com,United States,green
591,Male,Male,Group A,Rhys,Dowderswell,35,rdowderswellge@boston.com,Ukraine,blue
592,Female,Non-binary,Group C,Teddy,Simonson,24,tsimonsongf@ucoz.com,Russia,green
593,Non-binary,Male,Group C,Aldis,Ruff,58,aruffgg@bloglines.com,Argentina,green
594,Female,Male,Group C,Nataniel,Woodison,60,nwoodisongh@newsvine.com,France,red
595,Male,Male,Group C,Berton,Juan,70,bjuangi@domainmarket.com,Philippines,red
596,Female,Female,Group A,Annabel,Schruur,70,aschruurgj@nasa.gov,Ukraine,red
597,Female,Female,Group B,Chandal,Houseley,77,chouseleygk@multiply.com,Ireland,blue
598,Agender,Male,Group B,Marlin,Lomasna,41,mlomasnagl@baidu.com,Portugal,green
599,Male,Male,Group A,Darin,Colter,82,dcoltergm@vimeo.com,Thailand,blue
600,Male,Male,Group A,Robin,Elman,23,relmangn@google.com.hk,Colombia,red
601,Male,Non-binary,Group B,Jamison,McAdam,51,jmcadamgo@europa.eu,Belarus,blue
602,Male,Female,Group B,Tildi,Kinson,68,tkinsongp@angelfire.com,Ukraine,blue
603,Female,Female,Group C,Audrie,Shackel,76,ashackelgq@free.fr,Japan,green
604,Female,Female,Group C,Diena,Hiner,67,dhinergr@goo.gl,Guatemala,green
605,Female,Male,Group B,Bourke,Eberz,76,beberzgs@reuters.com,China,blue
606,Male,Male,Group C,Harland,Pichmann,76,hpichmanngt@dyndns.org,Indonesia,red
607,Female,Male,Group A,Erich,Ivetts,64,eivettsgu@newsvine.com,Portugal,green
608,Female,Male,Group B,Jude,Shaw,45,jshawgv@blog.com,Russia,red
609,Female,Genderqueer,Group B,Barr,Scandwright,37,bscandwrightgw@gmpg.org,China,green
610,Female,Male,Group B,Monro,Lowater,48,mlowatergx@opensource.org,Japan,blue
611,Female,Male,Group B,Bruce,Poulston,31,bpoulstongy@slashdot.org,Ukraine,blue
612,Male,Female,Group C,Vale,Devoy,30,vdevoygz@tiny.cc,Brazil,red
613,Male,Female,Group B,Willyt,Korting,34,wkortingh0@gizmodo.com,Sweden,red
614,Female,Male,Group A,Carl,Kenney,41,ckenneyh1@tumblr.com,Monaco,green
615,Female,Male,Group B,Raleigh,Simonitto,47,rsimonittoh2@aol.com,Indonesia,green
616,Bigender,Female,Group C,Lyndsey,Lonnon,70,llonnonh3@msu.edu,Philippines,green
617,Male,Female,Group A,Caitlin,Hazelhurst,20,chazelhursth4@ow.ly,Lebanon,blue
618,Female,Genderfluid,Group B,Emilee,Bohden,85,ebohdenh5@nydailynews.com,Palestinian Territory,green
619,Female,Male,Group C,Lemar,Dowson,82,ldowsonh6@bluehost.com,Mali,green
620,Agender,Genderqueer,Group A,Truman,Errey,62,terreyh7@wix.com,Finland,red
621,Male,Male,Group C,Sullivan,Senchenko,32,ssenchenkoh8@kickstarter.com,Luxembourg,red
622,Female,Male,Group C,Giavani,Rushton,27,grushtonh9@oaic.gov.au,China,green
623,Female,Male,Group B,Emelen,Pensom,54,epensomha@tiny.cc,Cameroon,red
624,Male,Female,Group A,Feliza,McLaggan,82,fmclagganhb@ucla.edu,United States,green
625,Male,Agender,Group A,Pegeen,Maric,52,pmarichc@furl.net,China,red
626,Female,Genderfluid,Group A,Regan,Maytom,26,rmaytomhd@drupal.org,Indonesia,green
627,Male,Male,Group B,Gunar,Margerison,35,gmargerisonhe@telegraph.co.uk,Russia,blue
628,Female,Genderqueer,Group C,Monti,Dawtre,52,mdawtrehf@businessinsider.com,Czech Republic,green
629,Male,Male,Group A,Jeffy,Neillans,18,jneillanshg@uiuc.edu,Netherlands,red
630,Male,Male,Group A,Codie,Dyott,38,cdyotthh@jalbum.net,United States,red
631,Female,Female,Group A,Gwendolin,Pengilley,85,gpengilleyhi@123-reg.co.uk,Azerbaijan,red
632,Male,Male,Group C,Winslow,Ferriday,63,wferridayhj@about.com,Sweden,red
633,Male,Male,Group B,Massimiliano,O'Nolan,57,monolanhk@jimdo.com,Ukraine,green
634,Female,Male,Group B,Farly,Penwell,72,fpenwellhl@imageshack.us,Indonesia,blue
635,Male,Male,Group C,Ezra,Fiorentino,83,efiorentinohm@prnewswire.com,France,red
636,Female,Male,Group A,Haskel,Haigh,29,hhaighhn@digg.com,Nicaragua,blue
637,Female,Male,Group B,Demott,Spurden,84,dspurdenho@guardian.co.uk,Indonesia,green
638,Male,Male,Group A,Theodore,Beane,56,tbeanehp@typepad.com,Argentina,green
639,Male,Male,Group A,Witty,Hickenbottom,51,whickenbottomhq@skyrock.com,Syria,green
640,Female,Male,Group C,Diego,Alliban,53,dallibanhr@ameblo.jp,Colombia,green
641,Male,Male,Group C,Armand,Osbiston,81,aosbistonhs@twitpic.com,Honduras,red
642,Male,Male,Group C,Alistair,Doulden,73,adouldenht@jiathis.com,China,red
643,Male,Female,Group A,Viviyan,Bradick,37,vbradickhu@addthis.com,Indonesia,green
644,Male,Female,Group A,Alethea,Tinman,38,atinmanhv@scribd.com,Peru,red
645,Female,Male,Group C,Zacharias,Dullard,77,zdullardhw@wikimedia.org,Portugal,red
646,Non-binary,Male,Group B,Ev,Mervyn,63,emervynhx@nbcnews.com,China,green
647,Male,Male,Group A,Bary,Looker,72,blookerhy@sina.com.cn,Russia,blue
648,Female,Male,Group B,Terrell,Oxbrough,20,toxbroughhz@exblog.jp,Czech Republic,blue
649,Non-binary,Female,Group C,Valeria,Abrahart,56,vabraharti0@sfgate.com,Malaysia,green
650,Female,Non-binary,Group B,Meagan,Kunzler,76,mkunzleri1@hao123.com,Russia,green
651,Female,Male,Group C,Cobb,Diggell,63,cdiggelli2@desdev.cn,Brazil,red
652,Female,Male,Group B,Ulrich,Torfin,64,utorfini3@discovery.com,Norway,blue
653,Male,Female,Group C,Kerianne,Ragsdale,58,kragsdalei4@hatena.ne.jp,China,green
654,Male,Female,Group B,Ted,Szymaniak,81,tszymaniaki5@patch.com,Russia,green
655,Male,Female,Group C,Merci,Jancic,53,mjancici6@oakley.com,Portugal,blue
656,Male,Female,Group A,Morganne,Lowdiane,26,mlowdianei7@t.co,Poland,blue
657,Male,Male,Group B,Augy,Belson,74,abelsoni8@bing.com,Indonesia,red
658,Male,Female,Group C,Lotty,Leale,22,llealei9@symantec.com,Russia,blue
659,Bigender,Female,Group C,Cornelle,Corrin,21,ccorrinia@census.gov,Azerbaijan,blue
660,Female,Bigender,Group A,Brion,Breinl,25,bbreinlib@utexas.edu,Greece,blue
661,Female,Female,Group B,Gabriel,Graffin,34,ggraffinic@tripadvisor.com,Estonia,red
662,Female,Female,Group C,Haley,Fannon,55,hfannonid@symantec.com,China,blue
663,Female,Male,Group C,Morgun,Hurrion,30,mhurrionie@unesco.org,Pakistan,blue
664,Female,Male,Group A,Niven,Vasilenko,64,nvasilenkoif@merriam-webster.com,China,blue
665,Female,Male,Group C,Vidovik,Adnam,62,vadnamig@spiegel.de,Malaysia,red
666,Female,Polygender,Group A,Letta,Jeandet,29,ljeandetih@drupal.org,China,blue
667,Female,Female,Group B,Hannah,Narrie,18,hnarrieii@wunderground.com,Ghana,green
668,Genderfluid,Male,Group B,Culley,Kearney,69,ckearneyij@dot.gov,Bulgaria,green
669,Female,Female,Group A,Candie,Doole,32,cdooleik@cafepress.com,Peru,red
670,Male,Male,Group C,Bruno,Gerding,18,bgerdingil@quantcast.com,United States,blue
671,Male,Female,Group C,Bella,Redpath,21,bredpathim@examiner.com,Indonesia,red
672,Female,Female,Group B,Adore,Beebis,59,abeebisin@google.ca,Honduras,blue
673,Male,Male,Group A,Dorie,Dagless,61,ddaglessio@pagesperso-orange.fr,Portugal,blue
674,Male,Female,Group B,Adela,Sings,78,asingsip@dell.com,Indonesia,red
675,Female,Agender,Group C,Conney,Stokell,20,cstokelliq@state.tx.us,China,green
676,Female,Female,Group B,Paulette,De Mars,76,pdemarsir@adobe.com,Philippines,blue
677,Male,Male,Group B,Cornie,MacSorley,70,cmacsorleyis@pinterest.com,Greece,red
678,Non-binary,Female,Group C,Rikki,Clohessy,36,rclohessyit@ehow.com,France,red
679,Male,Female,Group B,Jenn,MacPaden,22,jmacpadeniu@live.com,Marshall Islands,red
680,Male,Female,Group A,Tilda,Pagel,39,tpageliv@abc.net.au,Greece,green
681,Male,Male,Group C,Ludvig,Srawley,28,lsrawleyiw@time.com,China,green
682,Male,Male,Group A,Jamison,Physic,37,jphysicix@va.gov,Ivory Coast,red
683,Male,Female,Group C,Alvira,Hackney,76,ahackneyiy@sina.com.cn,France,green
684,Male,Female,Group B,Shanna,Goudie,62,sgoudieiz@mit.edu,Netherlands,blue
685,Female,Female,Group B,Coriss,Mansell,23,cmansellj0@smh.com.au,Ukraine,green
686,Female,Female,Group C,Lanette,Glanvill,80,lglanvillj1@washingtonpost.com,Russia,blue
687,Female,Genderfluid,Group C,Shaina,Kief,50,skiefj2@springer.com,Paraguay,blue
688,Male,Male,Group C,Liam,Brodie,22,lbrodiej3@pbs.org,Mongolia,red
689,Non-binary,Female,Group C,Aila,Grewes,30,agrewesj4@nbcnews.com,Morocco,red
690,Female,Male,Group C,Zedekiah,Mitten,68,zmittenj5@tinypic.com,Brazil,blue
691,Female,Female,Group A,Fredrika,MacRory,74,fmacroryj6@free.fr,China,red
692,Female,Female,Group B,Terri-jo,Jeffree,40,tjeffreej7@cocolog-nifty.com,China,green
693,Male,Polygender,Group C,Colleen,Birkenhead,70,cbirkenheadj8@istockphoto.com,Argentina,blue
694,Female,Female,Group A,Gertie,Ben-Aharon,59,gbenaharonj9@1und1.de,Sweden,red
695,Female,Female,Group A,Erminie,Tombleson,84,etomblesonja@furl.net,Brazil,green
696,Female,Female,Group B,Evanne,Seagrave,65,eseagravejb@zdnet.com,Serbia,blue
697,Male,Female,Group C,Denyse,Fredi,74,dfredijc@time.com,China,red
698,Female,Female,Group C,Ainslee,Ghioni,61,aghionijd@bizjournals.com,Russia,blue
699,Female,Male,Group A,Hermann,Balharry,79,hbalharryje@nymag.com,Indonesia,green
700,Male,Male,Group C,Eduardo,Bonn,78,ebonnjf@oakley.com,United States,red
701,Male,Male,Group A,Kory,Armsden,35,karmsdenjg@samsung.com,Portugal,blue
702,Female,Male,Group A,Humfrey,Ibotson,51,hibotsonjh@g.co,Armenia,green
703,Polygender,Female,Group B,Willette,Thurner,31,wthurnerji@ameblo.jp,Greece,blue
704,Female,Agender,Group B,Jedediah,Yaus,19,jyausjj@ameblo.jp,Portugal,red
705,Male,Female,Group A,Orelie,Curnnokk,31,ocurnnokkjk@yellowbook.com,China,red
706,Male,Female,Group C,Carla,Gibling,38,cgiblingjl@netlog.com,Moldova,green
707,Male,Male,Group C,Saundra,Blazek,38,sblazekjm@usda.gov,Sweden,blue
708,Male,Female,Group C,Natka,Attwoul,63,nattwouljn@abc.net.au,Poland,green
709,Female,Male,Group B,Virgie,Arthurs,63,varthursjo@dell.com,Philippines,green
710,Female,Female,Group B,Wendi,Wardingley,31,wwardingleyjp@yellowbook.com,United States,blue
711,Female,Male,Group B,Brantley,Boagey,44,bboageyjq@alexa.com,Ukraine,blue
712,Male,Male,Group C,Brooke,Innocent,47,binnocentjr@stumbleupon.com,Peru,red
713,Female,Male,Group C,Boothe,Dowrey,76,bdowreyjs@dmoz.org,Philippines,green
714,Female,Female,Group B,Margaux,Sparshatt,73,msparshattjt@gizmodo.com,France,green
715,Female,Female,Group C,Laryssa,Groocock,36,lgroocockju@ucoz.ru,China,green
716,Male,Female,Group B,Maurene,Brach,42,mbrachjv@163.com,Algeria,blue
717,Female,Female,Group B,Brunhilde,Roddell,48,broddelljw@4shared.com,Cameroon,red
718,Male,Male,Group A,Orlan,Lergan,26,olerganjx@theatlantic.com,Indonesia,red
719,Male,Female,Group A,Honey,Stitch,72,hstitchjy@gmpg.org,Poland,red
720,Male,Female,Group A,Lottie,Iremonger,67,liremongerjz@mozilla.org,United States,blue
721,Female,Female,Group A,Fredi,Quarless,58,fquarlessk0@symantec.com,Nigeria,green
722,Female,Female,Group A,Sarajane,Mapholm,28,smapholmk1@msu.edu,Brazil,red
723,Female,Female,Group B,Guillemette,McKennan,19,gmckennank2@slashdot.org,Peru,blue
724,Male,Female,Group B,Claudia,Wein,59,cweink3@simplemachines.org,Portugal,red
725,Male,Female,Group A,Ivett,Geldert,83,igeldertk4@unblog.fr,Czech Republic,red
726,Female,Female,Group A,Aretha,Pentecust,84,apentecustk5@examiner.com,Russia,red
727,Male,Female,Group A,Corissa,Peebles,66,cpeeblesk6@va.gov,Colombia,green
728,Female,Male,Group A,Trent,Well,69,twellk7@jigsy.com,China,red
729,Male,Male,Group B,Amble,Trencher,40,atrencherk8@cloudflare.com,Indonesia,blue
730,Female,Male,Group C,Eldon,Taffley,57,etaffleyk9@mlb.com,China,green
731,Male,Male,Group C,Angelo,Cawdery,47,acawderyka@tmall.com,China,red
732,Female,Male,Group B,Adham,Methley,47,amethleykb@usa.gov,Bulgaria,green
733,Female,Male,Group A,Meier,Vasilenko,44,mvasilenkokc@disqus.com,France,red
734,Female,Male,Group B,Mord,Dowty,28,mdowtykd@archive.org,Ireland,blue
735,Polygender,Female,Group B,Audre,Beven,32,abevenke@dmoz.org,New Zealand,blue
736,Male,Female,Group A,Othilie,Peyto,81,opeytokf@forbes.com,Poland,green
737,Male,Female,Group B,Theressa,Booeln,71,tbooelnkg@uiuc.edu,Portugal,green
738,Female,Female,Group B,Deedee,Mayne,28,dmaynekh@ca.gov,Russia,blue
739,Female,Male,Group C,Purcell,Barthel,46,pbarthelki@toplist.cz,Honduras,red
740,Male,Male,Group C,Renato,Ryam,47,rryamkj@senate.gov,China,red
741,Female,Genderqueer,Group B,Fenelia,Scowcraft,47,fscowcraftkk@dropbox.com,Finland,red
742,Male,Male,Group C,Benedetto,Whightman,84,bwhightmankl@ucla.edu,Indonesia,blue
743,Bigender,Female,Group B,Fifine,Deave,33,fdeavekm@wiley.com,China,red
744,Polygender,Female,Group C,Meg,Cambell,80,mcambellkn@telegraph.co.uk,Colombia,green
745,Female,Non-binary,Group B,Sher,Painter,83,spainterko@scribd.com,Indonesia,red
746,Male,Female,Group A,Phyllida,Jope,79,pjopekp@alexa.com,Russia,green
747,Female,Polygender,Group C,Tobi,Wrist,19,twristkq@e-recht24.de,Colombia,green
748,Female,Male,Group C,Christoforo,Sikorsky,46,csikorskykr@alexa.com,Morocco,blue
749,Male,Agender,Group A,Noll,Castana,31,ncastanaks@google.de,Philippines,green
750,Female,Male,Group C,Harris,Martinets,70,hmartinetskt@cnet.com,Mexico,red
751,Female,Male,Group C,Gallagher,Vannoort,85,gvannoortku@unblog.fr,Honduras,red
752,Male,Male,Group B,Stu,Mocker,32,smockerkv@europa.eu,China,blue
753,Female,Female,Group A,Mei,Stood,40,mstoodkw@51.la,Philippines,green
754,Male,Male,Group B,Ilaire,Webberley,43,iwebberleykx@cdc.gov,Portugal,green
755,Male,Male,Group A,Mauricio,Adkins,61,madkinsky@geocities.com,Sweden,green
756,Polygender,Male,Group C,Russell,Blackburne,53,rblackburnekz@lycos.com,Syria,green
757,Female,Female,Group B,Caressa,Cossell,45,ccosselll0@dagondesign.com,Thailand,green
758,Male,Genderqueer,Group B,Evan,Denizet,49,edenizetl1@booking.com,Bulgaria,green
759,Male,Female,Group A,Clarette,Glencorse,40,cglencorsel2@dailymotion.com,China,red
760,Female,Female,Group C,Stephana,Streater,65,sstreaterl3@intel.com,Ukraine,green
761,Male,Male,Group C,Saxe,Biddiss,80,sbiddissl4@wisc.edu,Vietnam,blue
762,Bigender,Female,Group A,Marget,Jenner,66,mjennerl5@ca.gov,Thailand,blue
763,Male,Genderqueer,Group C,Nadeen,Drewitt,83,ndrewittl6@apple.com,South Africa,green
764,Female,Genderqueer,Group A,Agosto,Rousel,25,arousell7@state.tx.us,Democratic Republic of the Congo,red
765,Female,Male,Group A,Omar,Le feaver,33,olefeaverl8@indiatimes.com,Nigeria,blue
766,Female,Male,Group A,Tomlin,Brabban,85,tbrabbanl9@tripadvisor.com,China,green
767,Female,Male,Group B,Bryan,Ouldred,65,bouldredla@si.edu,Cuba,green
768,Male,Female,Group B,Ronny,Steadman,56,rsteadmanlb@ehow.com,Czech Republic,green
769,Male,Male,Group A,Brook,Strutton,82,bstruttonlc@mayoclinic.com,Indonesia,green
770,Female,Female,Group A,Leone,Mc Gorley,53,lmcgorleyld@soup.io,Russia,red
771,Male,Female,Group A,Carree,Flemyng,58,cflemyngle@alexa.com,China,blue
772,Female,Genderfluid,Group A,Ebony,Brient,51,ebrientlf@cafepress.com,Burkina Faso,green
773,Male,Male,Group C,Kayne,Rontree,27,krontreelg@yahoo.co.jp,Ukraine,blue
774,Female,Female,Group B,Leta,Oxlee,42,loxleelh@printfriendly.com,Ireland,blue
775,Female,Female,Group A,Noelle,Gealle,19,ngealleli@mac.com,Lebanon,green
776,Female,Male,Group A,Tristan,Scrine,68,tscrinelj@fema.gov,Poland,blue
777,Male,Non-binary,Group B,Alfredo,Finan,24,afinanlk@com.com,Ireland,blue
778,Female,Male,Group C,Avigdor,Skeggs,26,askeggsll@qq.com,Philippines,red
779,Male,Female,Group A,Eddi,Emblin,85,eemblinlm@google.com.au,Uganda,red
780,Genderfluid,Female,Group C,Rahel,Woolmington,58,rwoolmingtonln@statcounter.com,Indonesia,green
781,Polygender,Male,Group B,Emerson,Filkin,45,efilkinlo@earthlink.net,Ethiopia,red
782,Male,Female,Group A,Carmina,Tregaskis,55,ctregaskislp@usa.gov,Indonesia,blue
783,Male,Female,Group B,Thomasina,Greenan,56,tgreenanlq@nymag.com,Portugal,green
784,Male,Female,Group C,Arabelle,Suatt,63,asuattlr@java.com,Russia,blue
785,Male,Female,Group B,Gayla,Franzotto,73,gfranzottols@clickbank.net,China,green
786,Female,Bigender,Group B,Jarret,Stoak,38,jstoaklt@dropbox.com,Netherlands,green
787,Female,Female,Group A,Zia,Crowder,74,zcrowderlu@networkadvertising.org,Poland,blue
788,Female,Male,Group B,Christoforo,Forgie,51,cforgielv@mapquest.com,Portugal,blue
789,Female,Male,Group A,Ashlin,Reavey,51,areaveylw@w3.org,Indonesia,red
790,Male,Male,Group C,Jesse,Rodrigo,83,jrodrigolx@whitehouse.gov,Pakistan,green
791,Genderqueer,Male,Group C,Abbie,Fearey,28,afeareyly@mozilla.org,United Kingdom,blue
792,Female,Male,Group B,Monte,Meijer,18,mmeijerlz@google.cn,Thailand,red
793,Female,Male,Group A,Robby,Potbury,58,rpotburym0@t-online.de,Indonesia,red
794,Female,Male,Group B,Aylmar,St Clair,47,astclairm1@huffingtonpost.com,Brazil,blue
795,Male,Male,Group B,Markos,Stitcher,69,mstitcherm2@japanpost.jp,Indonesia,blue
796,Male,Female,Group B,Wynny,Battleson,61,wbattlesonm3@dailymail.co.uk,Thailand,green
797,Male,Female,Group B,Kimmy,Jeffryes,53,kjeffryesm4@npr.org,China,green
798,Female,Male,Group C,Nikolai,Foxon,43,nfoxonm5@hc360.com,Russia,blue
799,Female,Male,Group A,Cece,Petrakov,66,cpetrakovm6@baidu.com,Philippines,red
800,Female,Male,Group A,Kelsey,List,18,klistm7@hostgator.com,China,green
801,Male,Male,Group A,Claudian,Jope,52,cjopem8@meetup.com,Russia,blue
802,Male,Polygender,Group A,Brandise,McBoyle,50,bmcboylem9@cmu.edu,Spain,green
803,Female,Male,Group A,Benjy,McNeilly,38,bmcneillyma@altervista.org,France,red
804,Non-binary,Male,Group A,Rafi,Roussell,69,rroussellmb@360.cn,Croatia,green
805,Male,Female,Group B,Ortensia,Tanswill,47,otanswillmc@phoca.cz,United States,red
806,Female,Female,Group C,Miranda,Hurrion,60,mhurrionmd@unesco.org,France,blue
807,Male,Female,Group B,Row,Appleyard,50,rappleyardme@tripadvisor.com,Bulgaria,red
808,Female,Non-binary,Group A,Prinz,Bilverstone,21,pbilverstonemf@cdc.gov,Argentina,green
809,Male,Female,Group B,Deeanne,Braycotton,55,dbraycottonmg@tinyurl.com,China,red
810,Female,Female,Group B,Suzette,Sibley,31,ssibleymh@php.net,China,blue
811,Male,Female,Group C,Koren,Summons,65,ksummonsmi@stanford.edu,Greece,blue
812,Female,Male,Group C,Eb,Ditch,27,editchmj@youtube.com,Brazil,red
813,Male,Polygender,Group B,Maryjane,Danshin,41,mdanshinmk@is.gd,Colombia,blue
814,Female,Female,Group A,Tallia,Jacketts,76,tjackettsml@scientificamerican.com,South Africa,green
815,Male,Female,Group B,Cathrin,McKennan,41,cmckennanmm@miibeian.gov.cn,Indonesia,red
816,Male,Female,Group A,Lida,Mc Caughen,66,lmccaughenmn@themeforest.net,Portugal,blue
817,Genderfluid,Genderqueer,Group A,Donnie,Bordessa,50,dbordessamo@yolasite.com,Sweden,blue
818,Female,Genderqueer,Group A,Lauren,Bonifas,31,lbonifasmp@blogs.com,Philippines,red
819,Male,Female,Group A,Ruthi,Sheach,69,rsheachmq@netscape.com,China,green
820,Female,Male,Group C,Martino,Fortnon,81,mfortnonmr@alexa.com,Kenya,blue
821,Female,Male,Group B,Tommy,Lorraway,29,tlorrawayms@addthis.com,Portugal,green
822,Female,Male,Group C,Tomaso,Harnott,55,tharnottmt@cam.ac.uk,South Africa,blue
823,Female,Female,Group A,Ortensia,Callam,64,ocallammu@booking.com,Saudi Arabia,blue
824,Female,Male,Group A,Brendis,Bordes,65,bbordesmv@bbc.co.uk,France,green
825,Genderqueer,Male,Group B,Seth,Desborough,83,sdesboroughmw@businessinsider.com,Indonesia,blue
826,Male,Male,Group C,Rolph,Estable,33,restablemx@sciencedaily.com,Nigeria,blue
827,Female,Female,Group C,Atalanta,Tuffey,31,atuffeymy@gnu.org,Thailand,blue
828,Male,Male,Group A,Nichols,Spilsbury,80,nspilsburymz@mlb.com,Indonesia,blue
829,Female,Female,Group A,Guglielma,Calderbank,72,gcalderbankn0@taobao.com,Yemen,red
830,Female,Male,Group B,Christoper,Coxall,26,ccoxalln1@constantcontact.com,Indonesia,green
831,Female,Female,Group C,Adara,Toplis,44,atoplisn2@archive.org,Indonesia,blue
832,Male,Genderqueer,Group B,Izzy,Theis,67,itheisn3@ebay.co.uk,Poland,blue
833,Female,Female,Group B,Angeline,Llewellen,58,allewellenn4@flavors.me,Argentina,red
834,Female,Female,Group A,Elinore,Perrinchief,64,eperrinchiefn5@cnbc.com,Costa Rica,blue
835,Female,Female,Group C,Benni,Lithgow,18,blithgown6@t-online.de,Brazil,green
836,Male,Male,Group B,Elston,Babbe,24,ebabben7@disqus.com,Portugal,red
837,Male,Female,Group B,Arabelle,Gouldstraw,28,agouldstrawn8@mail.ru,Mongolia,green
838,Female,Male,Group B,Augy,Handrock,69,ahandrockn9@vistaprint.com,China,red
839,Non-binary,Non-binary,Group B,Lizzie,Meindl,79,lmeindlna@umich.edu,Russia,red
840,Female,Male,Group B,Tiebout,Lambarth,22,tlambarthnb@google.com.au,China,red
841,Male,Female,Group B,Dani,Nazareth,58,dnazarethnc@geocities.jp,Czech Republic,green
842,Male,Female,Group B,Xylia,Aingel,76,xaingelnd@nature.com,Philippines,green
843,Female,Female,Group C,Kassandra,Rosenbush,50,krosenbushne@timesonline.co.uk,Benin,blue
844,Female,Male,Group B,Jabez,Curro,36,jcurronf@usatoday.com,Poland,blue
845,Female,Agender,Group A,Chet,Besantie,28,cbesantieng@php.net,China,blue
846,Female,Male,Group B,Dermot,Pretsell,34,dpretsellnh@tiny.cc,Sweden,blue
847,Male,Female,Group B,Bennie,Rizzotto,73,brizzottoni@miibeian.gov.cn,Vietnam,green
848,Female,Female,Group B,Frieda,Pirouet,22,fpirouetnj@rediff.com,China,blue
849,Male,Female,Group A,Pippa,Carnaman,21,pcarnamannk@tinypic.com,Philippines,green
850,Male,Male,Group C,Bayard,Weatherhead,34,bweatherheadnl@example.com,Portugal,green
851,Male,Male,Group A,Oswald,Lightwing,77,olightwingnm@webmd.com,Indonesia,blue
852,Non-binary,Female,Group B,Jordan,Itter,53,jitternn@geocities.jp,Thailand,blue
853,Male,Female,Group B,Guillemette,Bage,85,gbageno@canalblog.com,Guatemala,blue
854,Genderfluid,Male,Group A,Windham,Shelper,80,wshelpernp@yahoo.com,Colombia,green
855,Female,Male,Group B,Park,Hyrons,23,phyronsnq@toplist.cz,Peru,blue
856,Female,Female,Group C,Annmarie,Geraldez,43,ageraldeznr@nasa.gov,Montenegro,green
857,Female,Male,Group C,Ulysses,Ledram,67,uledramns@sohu.com,Ireland,green
858,Female,Female,Group C,Ibby,Balf,63,ibalfnt@japanpost.jp,Indonesia,green
859,Female,Female,Group A,Ilse,O'Spellissey,30,iospellisseynu@last.fm,China,red
860,Male,Male,Group B,Dunn,Honsch,54,dhonschnv@yandex.ru,Indonesia,blue
861,Genderqueer,Male,Group A,Christie,Island,66,cislandnw@indiatimes.com,Brazil,green
862,Female,Female,Group B,Kailey,Abrahams,43,kabrahamsnx@comcast.net,Sweden,red
863,Female,Polygender,Group B,Kora,Restieaux,70,krestieauxny@ftc.gov,China,green
864,Male,Polygender,Group B,Osmond,Sudron,53,osudronnz@chicagotribune.com,Honduras,blue
865,Polygender,Female,Group C,Philly,McGirl,51,pmcgirlo0@dropbox.com,Spain,green
866,Bigender,Female,Group A,Sean,D'Arrigo,26,sdarrigoo1@smugmug.com,Russia,green
867,Female,Male,Group C,Lorry,Cicetti,35,lcicettio2@arizona.edu,Thailand,blue
868,Male,Male,Group A,Crosby,Sully,79,csullyo3@sciencedaily.com,Indonesia,blue
869,Male,Female,Group A,Randie,Stinchcombe,77,rstinchcombeo4@paginegialle.it,Indonesia,green
870,Female,Female,Group A,Wylma,Kittle,59,wkittleo5@github.io,Germany,blue
871,Male,Polygender,Group B,Herby,Lorentz,73,hlorentzo6@reuters.com,Finland,green
872,Female,Male,Group B,Natty,Tatem,76,ntatemo7@foxnews.com,Indonesia,blue
873,Female,Bigender,Group C,Vinnie,Saturley,83,vsaturleyo8@friendfeed.com,Mexico,green
874,Male,Genderfluid,Group A,Abigale,Cahani,85,acahanio9@ucoz.com,Philippines,red
875,Female,Male,Group A,Jarrod,MacKettrick,56,jmackettrickoa@tmall.com,Philippines,blue
876,Female,Male,Group A,Cassie,Gracey,69,cgraceyob@alexa.com,United States,green
877,Female,Female,Group A,Kori,Hull,54,khulloc@jimdo.com,Greece,green
878,Female,Female,Group C,Shannah,Bucknell,82,sbucknellod@rediff.com,Thailand,red
879,Male,Male,Group B,Bordy,Simmank,22,bsimmankoe@spiegel.de,Indonesia,red
880,Female,Male,Group C,Stephan,Babington,29,sbabingtonof@timesonline.co.uk,Greece,green
881,Female,Male,Group C,Guy,Barthot,58,gbarthotog@opensource.org,China,green
882,Male,Male,Group A,Norris,Bonus,60,nbonusoh@gmpg.org,Philippines,red
883,Male,Polygender,Group A,Benton,Gopsell,51,bgopselloi@virginia.edu,Nigeria,blue
884,Male,Male,Group C,Morrie,Pantlin,36,mpantlinoj@businessweek.com,China,red
885,Male,Male,Group C,Felizio,Franceschelli,25,ffranceschelliok@shutterfly.com,Sweden,red
886,Female,Male,Group A,Mordecai,Mabbs,67,mmabbsol@tumblr.com,Chad,red
887,Male,Male,Group C,Brewer,Jeannon,23,bjeannonom@baidu.com,Colombia,green
888,Male,Female,Group C,Delcina,Iacovielli,59,diacoviellion@cyberchimps.com,Finland,green
889,Genderqueer,Female,Group C,Bree,Evill,44,bevilloo@dropbox.com,Ireland,green
890,Female,Female,Group C,Cody,Asson,38,cassonop@who.int,Indonesia,red
891,Male,Male,Group A,Manolo,MacParlan,53,mmacparlanoq@hhs.gov,Indonesia,red
892,Female,Female,Group B,Kissie,Francescotti,72,kfrancescottior@1und1.de,China,blue
893,Genderfluid,Male,Group C,Stevy,Overbury,40,soverburyos@typepad.com,Peru,green
894,Female,Male,Group C,Reamonn,Shaefer,78,rshaeferot@jigsy.com,Malaysia,blue
895,Female,Male,Group C,Gill,Coverdale,64,gcoverdaleou@google.ru,Greece,blue
896,Male,Female,Group A,Sherilyn,Ornils,31,sornilsov@fema.gov,Brazil,red
897,Female,Polygender,Group A,Sonya,Northern,46,snorthernow@zimbio.com,Sweden,red
898,Male,Female,Group A,Hertha,Farans,26,hfaransox@prweb.com,Jordan,green
899,Female,Female,Group B,Xena,Fellos,62,xfellosoy@lycos.com,Philippines,green
900,Male,Male,Group A,Anatol,Krojn,40,akrojnoz@weebly.com,China,blue
901,Male,Male,Group B,Gil,Stowe,73,gstowep0@cbsnews.com,Sweden,red
902,Female,Female,Group A,Britta,Matchett,79,bmatchettp1@chicagotribune.com,Ukraine,red
903,Non-binary,Male,Group B,Lucien,Werndly,39,lwerndlyp2@com.com,Indonesia,red
904,Female,Bigender,Group A,Brannon,Leaning,53,bleaningp3@indiegogo.com,Philippines,green
905,Male,Male,Group A,Kermy,Towner,77,ktownerp4@mapy.cz,Iraq,green
906,Male,Male,Group C,Abran,Van den Dael,41,avandendaelp5@princeton.edu,Philippines,blue
907,Male,Male,Group C,Thaddeus,Aughton,73,taughtonp6@eventbrite.com,Tunisia,green
908,Female,Male,Group C,Elroy,Vickarman,57,evickarmanp7@chron.com,China,green
909,Female,Female,Group A,Chickie,Ranscome,49,cranscomep8@rediff.com,Philippines,red
910,Non-binary,Female,Group B,Sibylla,Govan,36,sgovanp9@dagondesign.com,Brazil,blue
911,Non-binary,Female,Group B,Henrietta,Dockrell,79,hdockrellpa@seattletimes.com,Kosovo,red
912,Male,Female,Group C,Jacquelyn,Gethins,75,jgethinspb@abc.net.au,Costa Rica,blue
913,Female,Male,Group C,Donalt,Tabart,33,dtabartpc@cisco.com,Jamaica,blue
914,Male,Female,Group C,Kristin,Assad,47,kassadpd@dmoz.org,China,blue
915,Male,Female,Group B,Oralle,Janota,49,ojanotape@naver.com,Yemen,green
916,Female,Male,Group A,Manny,Gauthorpp,31,mgauthorpppf@apple.com,Bhutan,green
917,Male,Male,Group A,Pierre,Cabedo,71,pcabedopg@mapquest.com,Philippines,red
918,Male,Female,Group A,Hildegarde,Pund,20,hpundph@weebly.com,China,green
919,Female,Female,Group C,Donnajean,Critcher,33,dcritcherpi@themeforest.net,Czech Republic,red
920,Genderfluid,Female,Group A,Gretna,Kybert,55,gkybertpj@ocn.ne.jp,Czech Republic,green
921,Male,Genderqueer,Group C,Sigfried,Bricket,48,sbricketpk@businesswire.com,Germany,blue
922,Male,Male,Group C,Hewitt,Pothbury,32,hpothburypl@ustream.tv,Philippines,red
923,Agender,Male,Group A,Dane,Koene,18,dkoenepm@aol.com,China,red
924,Male,Female,Group A,Merry,Hostan,25,mhostanpn@photobucket.com,Ukraine,red
925,Female,Male,Group B,Flin,Hanham,53,fhanhampo@craigslist.org,Ukraine,blue
926,Female,Non-binary,Group B,Nicholle,O'Rourke,32,norourkepp@wikipedia.org,Israel,red
927,Female,Female,Group A,Kamilah,Brannan,18,kbrannanpq@nba.com,Greece,blue
928,Female,Female,Group C,Alethea,Pharoah,31,apharoahpr@myspace.com,Indonesia,blue
929,Bigender,Male,Group B,Sol,Kemme,32,skemmeps@github.io,Russia,blue
930,Male,Bigender,Group B,Reena,MacKee,59,rmackeept@weibo.com,Palestinian Territory,blue
931,Bigender,Female,Group A,Estrella,Wedgbrow,60,ewedgbrowpu@sohu.com,Sweden,blue
932,Female,Male,Group B,Gorden,Buckler,81,gbucklerpv@uol.com.br,China,blue
933,Female,Male,Group A,Alanson,Wermerling,29,awermerlingpw@soundcloud.com,Japan,red
934,Female,Male,Group A,Herculie,Tuffin,52,htuffinpx@networksolutions.com,Canada,red
935,Female,Male,Group B,Vincenty,Dackombe,66,vdackombepy@nbcnews.com,Czech Republic,red
936,Male,Female,Group A,Laurianne,Skegg,52,lskeggpz@shutterfly.com,Sweden,green
937,Female,Male,Group B,Jeddy,Goadby,61,jgoadbyq0@alexa.com,Armenia,red
938,Male,Male,Group A,Sam,Cabena,63,scabenaq1@npr.org,France,green
939,Female,Male,Group B,Maurise,Dennant,85,mdennantq2@businessweek.com,Brazil,blue
940,Male,Female,Group B,Ilise,Bernath,64,ibernathq3@sphinn.com,China,green
941,Female,Female,Group C,Patti,Woolvin,50,pwoolvinq4@list-manage.com,Russia,blue
942,Female,Male,Group A,Howey,Tremayne,37,htremayneq5@cmu.edu,Philippines,green
943,Male,Female,Group A,Eleni,Chinge de Hals,83,echingedehalsq6@odnoklassniki.ru,Brazil,green
944,Female,Female,Group C,Arlee,Willcock,43,awillcockq7@columbia.edu,China,green
945,Female,Female,Group B,Nell,Bellamy,85,nbellamyq8@51.la,Poland,red
946,Female,Female,Group A,Karlene,Burgh,63,kburghq9@feedburner.com,Japan,red
947,Male,Genderqueer,Group A,Florette,Albarez,70,falbarezqa@yahoo.co.jp,Macedonia,red
948,Female,Male,Group C,Falkner,Zoane,52,fzoaneqb@baidu.com,Brazil,red
949,Male,Male,Group C,Igor,Pieche,46,ipiecheqc@umich.edu,United States,blue
950,Male,Female,Group C,Ingaborg,Larsen,44,ilarsenqd@sciencedirect.com,Russia,blue
951,Female,Agender,Group C,Keefer,Linkin,42,klinkinqe@fema.gov,Greece,red
952,Female,Male,Group B,Duffy,Yorath,74,dyorathqf@rakuten.co.jp,Ecuador,green
953,Male,Male,Group C,Ximenes,Mackie,52,xmackieqg@yellowpages.com,China,green
954,Female,Male,Group C,Emelen,Kopelman,77,ekopelmanqh@vk.com,Brazil,red
955,Male,Male,Group B,Griffith,Lindsell,85,glindsellqi@slate.com,Philippines,red
956,Male,Female,Group C,Gates,McIlwrick,68,gmcilwrickqj@trellian.com,China,green
957,Female,Female,Group A,Anna-diane,Lightwood,83,alightwoodqk@dailymail.co.uk,Philippines,red
958,Bigender,Genderqueer,Group B,Lilah,Smetoun,31,lsmetounql@comcast.net,Indonesia,green
959,Male,Female,Group C,Marrissa,Rickell,50,mrickellqm@myspace.com,China,green
960,Non-binary,Male,Group A,Everett,Aherne,47,eaherneqn@geocities.jp,China,blue
961,Polygender,Male,Group C,Orlando,St. Quintin,66,ostquintinqo@qq.com,Vietnam,red
962,Male,Female,Group B,Pamela,Dreossi,40,pdreossiqp@ezinearticles.com,China,green
963,Female,Male,Group A,Harmon,Linde,59,hlindeqq@cloudflare.com,Central African Republic,green
964,Agender,Male,Group A,Jere,Feechan,77,jfeechanqr@blinklist.com,Vietnam,red
965,Female,Genderfluid,Group A,Cecil,Wortt,19,cworttqs@diigo.com,China,red
966,Female,Male,Group C,Smith,LLelweln,67,sllelwelnqt@scientificamerican.com,Ukraine,red
967,Male,Male,Group A,Carlin,Markwick,23,cmarkwickqu@blinklist.com,Luxembourg,green
968,Genderfluid,Non-binary,Group C,Court,Lyness,78,clynessqv@skype.com,Canada,red
969,Female,Male,Group A,Rad,Doore,65,rdooreqw@bravesites.com,Syria,green
970,Female,Female,Group B,Lesya,Dallinder,82,ldallinderqx@ucsd.edu,Portugal,blue
971,Female,Male,Group B,Anselm,Dayly,31,adaylyqy@yandex.ru,Syria,green
972,Male,Male,Group C,Anatollo,Seine,84,aseineqz@youtu.be,Indonesia,blue
973,Agender,Female,Group B,Arlette,Schiesterl,20,aschiesterlr0@illinois.edu,Russia,blue
974,Female,Female,Group A,Isadora,Ades,24,iadesr1@noaa.gov,Yemen,red
975,Male,Female,Group C,Erma,Bedow,85,ebedowr2@weebly.com,Thailand,green
976,Male,Female,Group A,Nanon,Caverhill,49,ncaverhillr3@nymag.com,Russia,green
977,Female,Female,Group B,Ingunna,Saffill,36,isaffillr4@seesaa.net,Bolivia,blue
978,Male,Female,Group C,Theressa,Tolhurst,81,ttolhurstr5@china.com.cn,China,red
979,Female,Female,Group B,Marlane,Ghidelli,40,mghidellir6@constantcontact.com,Afghanistan,red
980,Female,Male,Group B,Nickolas,Clyma,82,nclymar7@mapquest.com,Russia,blue
981,Male,Female,Group A,Jessica,Auchterlony,51,jauchterlonyr8@independent.co.uk,Indonesia,red
982,Male,Female,Group A,Debor,Ilyukhov,78,dilyukhovr9@google.it,Sweden,red
983,Male,Male,Group C,Sherwood,Bickerton,27,sbickertonra@arizona.edu,Russia,green
984,Male,Male,Group C,Taite,Toland,62,ttolandrb@digg.com,Finland,red
985,Male,Female,Group B,Gloria,Grimoldby,27,ggrimoldbyrc@webeden.co.uk,Russia,red
986,Female,Male,Group B,Jimmie,Kolodziejski,27,jkolodziejskird@hostgator.com,China,green
987,Female,Male,Group A,Syman,O' Molan,24,somolanre@hibu.com,Poland,red
988,Female,Male,Group C,Anthony,Docksey,44,adockseyrf@sitemeter.com,United States,red
989,Female,Bigender,Group A,Tracy,Stennard,84,tstennardrg@pcworld.com,Indonesia,blue
990,Male,Male,Group B,Brantley,Wigginton,33,bwiggintonrh@shinystat.com,Ethiopia,blue
991,Male,Male,Group A,Riordan,Bremner,23,rbremnerri@dropbox.com,United States,red
992,Male,Female,Group C,Reina,Kenan,80,rkenanrj@nasa.gov,China,green
993,Female,Male,Group C,Patrizio,Gideon,24,pgideonrk@youtu.be,Costa Rica,blue
994,Bigender,Male,Group B,Yorgo,Norwich,29,ynorwichrl@whitehouse.gov,Ukraine,blue
995,Male,Male,Group A,Finlay,McIlvaney,54,fmcilvaneyrm@gmpg.org,Japan,green
996,Female,Female,Group C,Ruperta,Devanny,55,rdevannyrn@independent.co.uk,Philippines,green
997,Female,Female,Group A,Leslie,Dallow,38,ldallowro@sciencedirect.com,China,green
998,Male,Female,Group C,Vera,Mixon,31,vmixonrp@cdbaby.com,Indonesia,green
999,Female,Female,Group C,Klarika,Knowles,50,kknowlesrq@t-online.de,Sweden,blue
1000,Female,Male,Group A,Rey,Trusler,84,rtruslerrr@hugedomains.com,Dominica,green
